INSERT INTO proveedor (proveedor) VALUES ('MRW');

INSERT INTO modulo (ncorto, nlargo, descripcion) VALUES ('URBCOM', 'MODULO COMERCIAL' , 'SOPORTE A LA FUERZA DE VENTAS');
INSERT INTO modulo (ncorto, nlargo, descripcion) VALUES ('URBABO', 'MODULO ABONADOS'  , 'APC');
INSERT INTO modulo (ncorto, nlargo, descripcion) VALUES ('URBINV', 'MODULO INVENTARIO', 'GESTION DEL INVENTARIO INFORMATICO');
INSERT INTO modulo (ncorto, nlargo, descripcion) VALUES ('CIABO' , 'BATCH - CIABO'    , 'CARGA INICIAL ABONADOS');
INSERT INTO modulo (ncorto, nlargo, descripcion) VALUES ('CMMAB' , 'BATCH - CMMAB'    , 'CARGA DEL MARGEN ABONADOS');
INSERT INTO modulo (ncorto, nlargo, descripcion) VALUES ('CDENV' , 'BATCH - CDENV'    , 'CARGA DIARIA DE ENVIOS');
INSERT INTO modulo (ncorto, nlargo, descripcion) VALUES ('URBOPE', 'OPERACIONES'      , 'OPERACIONES');
INSERT INTO modulo (ncorto, nlargo, descripcion) VALUES ('GDTL'  , 'BATCH - GDTL'     , 'GEOCODIFICACION DIRECTA TEXTO LIBRE');
INSERT INTO modulo (ncorto, nlargo, descripcion) VALUES ('IPZR'  , 'BATCH - IPZR'     , 'IMPORTACION DE POLIGONOS DE ZONAS DE REPARTO');
INSERT INTO modulo (ncorto, nlargo, descripcion) VALUES ('USTS'  , 'BATCH - USTS'     , 'ACTUALIZACIÓN DE ESTADOS DE LOS ENVÍOS');
INSERT INTO modulo (ncorto, nlargo, descripcion) VALUES ('RDIP'  , 'BATCH - RDIP'     , 'ROBOT DESCARGA INFORMES PROGRAMADOS');
INSERT INTO modulo (ncorto, nlargo, descripcion) VALUES ('CPABO' , 'BATCH - CPABO'    , 'CARGA PERIODICA DE ABONADOS (CLIENTES)');
INSERT INTO modulo (ncorto, nlargo, descripcion) VALUES ('CPREP' , 'BATCH - CPREP'    , 'CARGA PERIODICA DE REPARTIDORES');
INSERT INTO modulo (ncorto, nlargo, descripcion) VALUES ('SSTM'  , 'BATCH - SSTM'     , 'SISTEMA DE SEGUIMIENTO DE TERMINALES MOVILES');
INSERT INTO modulo (ncorto, nlargo, descripcion) VALUES ('SAEE'  , 'BATCH - SAEE'     , 'SISTEMA DE ACTUALIZACION DE ESTADO DE ENVIOS');
INSERT INTO modulo (ncorto, nlargo, descripcion) VALUES ('CEAR'  , 'BATCH - CEAR'     , 'CLASIFICACION DE ENVIOS POR AREAS DE REPARTO');

INSERT INTO parametro (idmodulo, tipo, nombre, valor) VALUES (6, 'A', 'WEBDAVUSER'    , 'batch');
INSERT INTO parametro (idmodulo, tipo, nombre, valor) VALUES (6, 'A', 'WEBDAVPASSWORD', '23121970pegaso1970');
INSERT INTO parametro (idmodulo, tipo, nombre, valor) VALUES (6, 'A', 'LOGPATH'       , '/home/mrw/LOG');
INSERT INTO parametro (idmodulo, tipo, nombre, valor) VALUES (6, 'A', 'MAIL_HOST'     , '91173.ervers.com');
INSERT INTO parametro (idmodulo, tipo, nombre, valor) VALUES (6, 'A', 'MAIL_FROM_MAIL', 'batch@urbgrupo.es');
INSERT INTO parametro (idmodulo, tipo, nombre, valor) VALUES (6, 'A', 'MAIL_FROM_NAME', 'BATCH');
INSERT INTO parametro (idmodulo, tipo, nombre, valor) VALUES (6, 'A', 'MAIL_TO'       , 'jlcuevasr@grupomrw.com');
INSERT INTO parametro (idmodulo, tipo, nombre, valor) VALUES (6, 'A', 'MAIL_CC'       , 'jlcuevasr@grupomrw.com');
INSERT INTO parametro (idmodulo, tipo, nombre, valor) VALUES (6, 'A', 'MAIL_BCC'      , 'jlcuevasr@grupomrw.com');
INSERT INTO parametro (idmodulo, tipo, nombre, valor) VALUES (6, 'A', 'MAIL_SUBJECT'  , 'BATCH - CDENV');

INSERT INTO parametro (idmodulo, tipo, nombre, valor) VALUES (8, 'A', 'WEBDAVUSER'    , 'batch');
INSERT INTO parametro (idmodulo, tipo, nombre, valor) VALUES (8, 'A', 'WEBDAVPASSWORD', '23121970pegaso1970');
INSERT INTO parametro (idmodulo, tipo, nombre, valor) VALUES (8, 'A', 'LOGPATH'       , '/home/mrw/LOG');
INSERT INTO parametro (idmodulo, tipo, nombre, valor) VALUES (8, 'A', 'MAIL_HOST'     , '91173.ervers.com');
INSERT INTO parametro (idmodulo, tipo, nombre, valor) VALUES (8, 'A', 'MAIL_FROM_MAIL', 'batch@urbgrupo.es');
INSERT INTO parametro (idmodulo, tipo, nombre, valor) VALUES (8, 'A', 'MAIL_FROM_NAME', 'BATCH');
INSERT INTO parametro (idmodulo, tipo, nombre, valor) VALUES (8, 'A', 'MAIL_TO'       , 'jlcuevasr@grupomrw.com');
INSERT INTO parametro (idmodulo, tipo, nombre, valor) VALUES (8, 'A', 'MAIL_CC'       , 'jlcuevasr@grupomrw.com');
INSERT INTO parametro (idmodulo, tipo, nombre, valor) VALUES (8, 'A', 'MAIL_BCC'      , 'jlcuevasr@grupomrw.com');
INSERT INTO parametro (idmodulo, tipo, nombre, valor) VALUES (8, 'A', 'MAIL_SUBJECT'  , 'BATCH - GDTL');

INSERT INTO parametro (idmodulo, tipo, nombre, valor) VALUES (9, 'A', 'WEBDAVUSER'    , 'batch');
INSERT INTO parametro (idmodulo, tipo, nombre, valor) VALUES (9, 'A', 'WEBDAVPASSWORD', '23121970pegaso1970');
INSERT INTO parametro (idmodulo, tipo, nombre, valor) VALUES (9, 'A', 'LOGPATH'       , '/home/mrw/LOG');
INSERT INTO parametro (idmodulo, tipo, nombre, valor) VALUES (9, 'A', 'MAIL_HOST'     , '91173.ervers.com');
INSERT INTO parametro (idmodulo, tipo, nombre, valor) VALUES (9, 'A', 'MAIL_FROM_MAIL', 'batch@urbgrupo.es');
INSERT INTO parametro (idmodulo, tipo, nombre, valor) VALUES (9, 'A', 'MAIL_FROM_NAME', 'BATCH');
INSERT INTO parametro (idmodulo, tipo, nombre, valor) VALUES (9, 'A', 'MAIL_TO'       , 'jlcuevasr@grupomrw.com');
INSERT INTO parametro (idmodulo, tipo, nombre, valor) VALUES (9, 'A', 'MAIL_CC'       , 'jlcuevasr@grupomrw.com');
INSERT INTO parametro (idmodulo, tipo, nombre, valor) VALUES (9, 'A', 'MAIL_BCC'      , 'jlcuevasr@grupomrw.com');
INSERT INTO parametro (idmodulo, tipo, nombre, valor) VALUES (9, 'A', 'MAIL_SUBJECT'  , 'BATCH - IPZR');

INSERT INTO parametro (idmodulo, tipo, nombre, valor) VALUES (10, 'A', 'LOGPATH'       , '/home/mrw/LOG');

INSERT INTO parametro (idmodulo, tipo, nombre, valor) VALUES (12, 'A', 'WEBDAVUSER'    , 'batch');
INSERT INTO parametro (idmodulo, tipo, nombre, valor) VALUES (12, 'A', 'WEBDAVPASSWORD', '23121970pegaso1970');
INSERT INTO parametro (idmodulo, tipo, nombre, valor) VALUES (12, 'A', 'LOGPATH'       , '/home/mrw/LOG');
INSERT INTO parametro (idmodulo, tipo, nombre, valor) VALUES (12, 'A', 'MAIL_HOST'     , '91173.ervers.com');
INSERT INTO parametro (idmodulo, tipo, nombre, valor) VALUES (12, 'A', 'MAIL_FROM_MAIL', 'batch@urbgrupo.es');
INSERT INTO parametro (idmodulo, tipo, nombre, valor) VALUES (12, 'A', 'MAIL_FROM_NAME', 'BATCH');
INSERT INTO parametro (idmodulo, tipo, nombre, valor) VALUES (12, 'A', 'MAIL_TO'       , 'jlcuevasr@grupomrw.com');
INSERT INTO parametro (idmodulo, tipo, nombre, valor) VALUES (12, 'A', 'MAIL_CC'       , 'jlcuevasr@grupomrw.com');
INSERT INTO parametro (idmodulo, tipo, nombre, valor) VALUES (12, 'A', 'MAIL_BCC'      , 'jlcuevasr@grupomrw.com');
INSERT INTO parametro (idmodulo, tipo, nombre, valor) VALUES (12, 'A', 'MAIL_SUBJECT'  , 'BATCH - CPABO');

INSERT INTO parametro (idmodulo, tipo, nombre, valor) VALUES (13, 'A', 'WEBDAVUSER'    , 'batch');
INSERT INTO parametro (idmodulo, tipo, nombre, valor) VALUES (13, 'A', 'WEBDAVPASSWORD', '23121970pegaso1970');
INSERT INTO parametro (idmodulo, tipo, nombre, valor) VALUES (13, 'A', 'LOGPATH'       , '/home/mrw/LOG');
INSERT INTO parametro (idmodulo, tipo, nombre, valor) VALUES (13, 'A', 'MAIL_HOST'     , '91173.ervers.com');
INSERT INTO parametro (idmodulo, tipo, nombre, valor) VALUES (13, 'A', 'MAIL_FROM_MAIL', 'batch@urbgrupo.es');
INSERT INTO parametro (idmodulo, tipo, nombre, valor) VALUES (13, 'A', 'MAIL_FROM_NAME', 'BATCH');
INSERT INTO parametro (idmodulo, tipo, nombre, valor) VALUES (13, 'A', 'MAIL_TO'       , 'jlcuevasr@grupomrw.com');
INSERT INTO parametro (idmodulo, tipo, nombre, valor) VALUES (13, 'A', 'MAIL_CC'       , 'jlcuevasr@grupomrw.com');
INSERT INTO parametro (idmodulo, tipo, nombre, valor) VALUES (13, 'A', 'MAIL_BCC'      , 'jlcuevasr@grupomrw.com');
INSERT INTO parametro (idmodulo, tipo, nombre, valor) VALUES (13, 'A', 'MAIL_SUBJECT'  , 'BATCH - CPREP');

INSERT INTO parametro (idmodulo, tipo, nombre, valor) VALUES (14, 'A', 'WEBDAVUSER'    , 'batch');
INSERT INTO parametro (idmodulo, tipo, nombre, valor) VALUES (14, 'A', 'WEBDAVPASSWORD', '23121970pegaso1970');
INSERT INTO parametro (idmodulo, tipo, nombre, valor) VALUES (14, 'A', 'LOGPATH'       , '/home/urb/mrw/LOG');
INSERT INTO parametro (idmodulo, tipo, nombre, valor) VALUES (14, 'A', 'MAIL_HOST'     , '91173.ervers.com');
INSERT INTO parametro (idmodulo, tipo, nombre, valor) VALUES (14, 'A', 'MAIL_FROM_MAIL', 'batch@urbgrupo.es');
INSERT INTO parametro (idmodulo, tipo, nombre, valor) VALUES (14, 'A', 'MAIL_FROM_NAME', 'BATCH');
INSERT INTO parametro (idmodulo, tipo, nombre, valor) VALUES (14, 'A', 'MAIL_TO'       , 'jlcuevasr@grupomrw.com');
INSERT INTO parametro (idmodulo, tipo, nombre, valor) VALUES (14, 'A', 'MAIL_CC'       , 'jlcuevasr@grupomrw.com');
INSERT INTO parametro (idmodulo, tipo, nombre, valor) VALUES (14, 'A', 'MAIL_BCC'      , 'jlcuevasr@grupomrw.com');
INSERT INTO parametro (idmodulo, tipo, nombre, valor) VALUES (14, 'A', 'MAIL_SUBJECT'  , 'BATCH - SSTM');

INSERT INTO parametro (idmodulo, tipo, nombre, valor) VALUES (15, 'A', 'WEBDAVUSER'    , 'batch');
INSERT INTO parametro (idmodulo, tipo, nombre, valor) VALUES (15, 'A', 'WEBDAVPASSWORD', '23121970pegaso1970');
INSERT INTO parametro (idmodulo, tipo, nombre, valor) VALUES (15, 'A', 'LOGPATH'       , '/home/urb/mrw/LOG');
INSERT INTO parametro (idmodulo, tipo, nombre, valor) VALUES (15, 'A', 'MAIL_HOST'     , '91173.ervers.com');
INSERT INTO parametro (idmodulo, tipo, nombre, valor) VALUES (15, 'A', 'MAIL_FROM_MAIL', 'batch@urbgrupo.es');
INSERT INTO parametro (idmodulo, tipo, nombre, valor) VALUES (15, 'A', 'MAIL_FROM_NAME', 'BATCH');
INSERT INTO parametro (idmodulo, tipo, nombre, valor) VALUES (15, 'A', 'MAIL_TO'       , 'jlcuevasr@grupomrw.com');
INSERT INTO parametro (idmodulo, tipo, nombre, valor) VALUES (15, 'A', 'MAIL_CC'       , 'jlcuevasr@grupomrw.com');
INSERT INTO parametro (idmodulo, tipo, nombre, valor) VALUES (15, 'A', 'MAIL_BCC'      , 'jlcuevasr@grupomrw.com');
INSERT INTO parametro (idmodulo, tipo, nombre, valor) VALUES (15, 'A', 'MAIL_SUBJECT'  , 'BATCH - SAEE');

INSERT INTO parametro (idmodulo, tipo, nombre, valor) VALUES (16, 'A', 'WEBDAVUSER'    , 'batch');
INSERT INTO parametro (idmodulo, tipo, nombre, valor) VALUES (16, 'A', 'WEBDAVPASSWORD', '23121970pegaso1970');
INSERT INTO parametro (idmodulo, tipo, nombre, valor) VALUES (16, 'A', 'LOGPATH'       , '/home/urb/mrw/LOG');
INSERT INTO parametro (idmodulo, tipo, nombre, valor) VALUES (16, 'A', 'MAIL_HOST'     , '91173.ervers.com');
INSERT INTO parametro (idmodulo, tipo, nombre, valor) VALUES (16, 'A', 'MAIL_FROM_MAIL', 'batch@urbgrupo.es');
INSERT INTO parametro (idmodulo, tipo, nombre, valor) VALUES (16, 'A', 'MAIL_FROM_NAME', 'BATCH');
INSERT INTO parametro (idmodulo, tipo, nombre, valor) VALUES (16, 'A', 'MAIL_TO'       , 'jlcuevasr@grupomrw.com');
INSERT INTO parametro (idmodulo, tipo, nombre, valor) VALUES (16, 'A', 'MAIL_CC'       , 'jlcuevasr@grupomrw.com');
INSERT INTO parametro (idmodulo, tipo, nombre, valor) VALUES (16, 'A', 'MAIL_BCC'      , 'jlcuevasr@grupomrw.com');
INSERT INTO parametro (idmodulo, tipo, nombre, valor) VALUES (16, 'A', 'MAIL_SUBJECT'  , 'BATCH - CEAR');

INSERT INTO categoria (idcategoria, categoria, descripcion, tipo, longitud) VALUES (1, 'VIA', 'Tipo de vía', 'A', 0);

INSERT INTO codigo (idcategoria, codigo, descripcion) VALUES (1, '  '    , ' ');
INSERT INTO codigo (idcategoria, codigo, descripcion) VALUES (1, 'PS'    , 'PASEO');
INSERT INTO codigo (idcategoria, codigo, descripcion) VALUES (1, 'AV'    , 'AVENIDA');
INSERT INTO codigo (idcategoria, codigo, descripcion) VALUES (1, 'AP'    , 'APARTAMENTO');
INSERT INTO codigo (idcategoria, codigo, descripcion) VALUES (1, 'PP'    , 'PORTA');
INSERT INTO codigo (idcategoria, codigo, descripcion) VALUES (1, 'AR'    , 'AREA');
INSERT INTO codigo (idcategoria, codigo, descripcion) VALUES (1, 'AY'    , 'ARROYO');
INSERT INTO codigo (idcategoria, codigo, descripcion) VALUES (1, 'CL'    , 'CALLE');
INSERT INTO codigo (idcategoria, codigo, descripcion) VALUES (1, 'BJ'    , 'BAJADA');
INSERT INTO codigo (idcategoria, codigo, descripcion) VALUES (1, 'BL'    , 'BLOQUE');
INSERT INTO codigo (idcategoria, codigo, descripcion) VALUES (1, 'BO'    , 'BARRIO');
INSERT INTO codigo (idcategoria, codigo, descripcion) VALUES (1, 'BR'    , 'BARRANCO');
INSERT INTO codigo (idcategoria, codigo, descripcion) VALUES (1, 'CG'    , 'COLEGIO');
INSERT INTO codigo (idcategoria, codigo, descripcion) VALUES (1, 'CA'    , 'CALLEJA');
INSERT INTO codigo (idcategoria, codigo, descripcion) VALUES (1, 'CM'    , 'CAMINO');
INSERT INTO codigo (idcategoria, codigo, descripcion) VALUES (1, 'CN'    , 'CONJUNTO');
INSERT INTO codigo (idcategoria, codigo, descripcion) VALUES (1, 'CR'    , 'CARRETERA');
INSERT INTO codigo (idcategoria, codigo, descripcion) VALUES (1, 'CS'    , 'CASERIO');
INSERT INTO codigo (idcategoria, codigo, descripcion) VALUES (1, 'CU'    , 'CUESTA');
INSERT INTO codigo (idcategoria, codigo, descripcion) VALUES (1, 'CH'    , 'CHALET');
INSERT INTO codigo (idcategoria, codigo, descripcion) VALUES (1, 'ED'    , 'EDIFICIO');
INSERT INTO codigo (idcategoria, codigo, descripcion) VALUES (1, 'EM'    , 'EXTRAMUROS');
INSERT INTO codigo (idcategoria, codigo, descripcion) VALUES (1, 'EN'    , 'ENTRADA');
INSERT INTO codigo (idcategoria, codigo, descripcion) VALUES (1, 'ER'    , 'EXTRARRADIO');
INSERT INTO codigo (idcategoria, codigo, descripcion) VALUES (1, 'ES'    , 'ESCALINATA');
INSERT INTO codigo (idcategoria, codigo, descripcion) VALUES (1, 'EX'    , 'EXPLANADA');
INSERT INTO codigo (idcategoria, codigo, descripcion) VALUES (1, 'FC'    , 'FERROCARRIL');
INSERT INTO codigo (idcategoria, codigo, descripcion) VALUES (1, 'GL'    , 'GLORIETA');
INSERT INTO codigo (idcategoria, codigo, descripcion) VALUES (1, 'GR'    , 'GRUPO');
INSERT INTO codigo (idcategoria, codigo, descripcion) VALUES (1, 'GV'    , 'GRAN VIA');
INSERT INTO codigo (idcategoria, codigo, descripcion) VALUES (1, 'HT'    , 'HUERTA');
INSERT INTO codigo (idcategoria, codigo, descripcion) VALUES (1, 'JR'    , 'JARDINES');
INSERT INTO codigo (idcategoria, codigo, descripcion) VALUES (1, 'LD'    , 'LADO');
INSERT INTO codigo (idcategoria, codigo, descripcion) VALUES (1, 'LG'    , 'LUGAR');
INSERT INTO codigo (idcategoria, codigo, descripcion) VALUES (1, 'MC'    , 'MERCADO');
INSERT INTO codigo (idcategoria, codigo, descripcion) VALUES (1, 'ML'    , 'MUELLE');
INSERT INTO codigo (idcategoria, codigo, descripcion) VALUES (1, 'MN'    , 'MUNICIPIO');
INSERT INTO codigo (idcategoria, codigo, descripcion) VALUES (1, 'MS'    , 'MASIA');
INSERT INTO codigo (idcategoria, codigo, descripcion) VALUES (1, 'MT'    , 'MONTE');
INSERT INTO codigo (idcategoria, codigo, descripcion) VALUES (1, 'MZ'    , 'MANZANA');
INSERT INTO codigo (idcategoria, codigo, descripcion) VALUES (1, 'PA'    , 'PARCELA');
INSERT INTO codigo (idcategoria, codigo, descripcion) VALUES (1, 'PB'    , 'POBLADO');
INSERT INTO codigo (idcategoria, codigo, descripcion) VALUES (1, 'PD'    , 'PARTIDA');
INSERT INTO codigo (idcategoria, codigo, descripcion) VALUES (1, 'PG'    , 'POLIGONO');
INSERT INTO codigo (idcategoria, codigo, descripcion) VALUES (1, 'PJ'    , 'PASAJE');
INSERT INTO codigo (idcategoria, codigo, descripcion) VALUES (1, 'PQ'    , 'PARROQUIA');
INSERT INTO codigo (idcategoria, codigo, descripcion) VALUES (1, 'PR'    , 'PROLONGACION');
INSERT INTO codigo (idcategoria, codigo, descripcion) VALUES (1, 'PT'    , 'PUENTE');
INSERT INTO codigo (idcategoria, codigo, descripcion) VALUES (1, 'PU'    , 'PUERTA');
INSERT INTO codigo (idcategoria, codigo, descripcion) VALUES (1, 'PZ'    , 'PLAZA');
INSERT INTO codigo (idcategoria, codigo, descripcion) VALUES (1, 'QT'    , 'QUINTA');
INSERT INTO codigo (idcategoria, codigo, descripcion) VALUES (1, 'RB'    , 'RAMBLA');
INSERT INTO codigo (idcategoria, codigo, descripcion) VALUES (1, 'RC'    , 'RINCON');
INSERT INTO codigo (idcategoria, codigo, descripcion) VALUES (1, 'RD'    , 'RONDA');
INSERT INTO codigo (idcategoria, codigo, descripcion) VALUES (1, 'RM'    , 'RAMAL');
INSERT INTO codigo (idcategoria, codigo, descripcion) VALUES (1, 'RP'    , 'RAMPA');
INSERT INTO codigo (idcategoria, codigo, descripcion) VALUES (1, 'RR'    , 'RIERA');
INSERT INTO codigo (idcategoria, codigo, descripcion) VALUES (1, 'SB'    , 'SUBIDA');
INSERT INTO codigo (idcategoria, codigo, descripcion) VALUES (1, 'SC'    , 'SECTOR');
INSERT INTO codigo (idcategoria, codigo, descripcion) VALUES (1, 'SD'    , 'SENDA');
INSERT INTO codigo (idcategoria, codigo, descripcion) VALUES (1, 'SL'    , 'SOLAR');
INSERT INTO codigo (idcategoria, codigo, descripcion) VALUES (1, 'TN'    , 'TERRENOS');
INSERT INTO codigo (idcategoria, codigo, descripcion) VALUES (1, 'TO'    , 'TORRENTE');
INSERT INTO codigo (idcategoria, codigo, descripcion) VALUES (1, 'TR'    , 'TRAVESIA');
INSERT INTO codigo (idcategoria, codigo, descripcion) VALUES (1, 'UR'    , 'URBANIZACION');
INSERT INTO codigo (idcategoria, codigo, descripcion) VALUES (1, 'VI'    , 'VIA');
INSERT INTO codigo (idcategoria, codigo, descripcion) VALUES (1, 'VP'    , 'VIA PUBLICA');
INSERT INTO codigo (idcategoria, codigo, descripcion) VALUES (1, 'CJ'    , 'CALLEJON');
INSERT INTO codigo (idcategoria, codigo, descripcion) VALUES (1, 'AL'    , 'ALAMEDA');
INSERT INTO codigo (idcategoria, codigo, descripcion) VALUES (1, 'AD'    , 'ALDEA');
INSERT INTO codigo (idcategoria, codigo, descripcion) VALUES (1, 'BU'    , 'BULEVAR');
INSERT INTO codigo (idcategoria, codigo, descripcion) VALUES (1, 'RT'    , 'RAMBLETA');
INSERT INTO codigo (idcategoria, codigo, descripcion) VALUES (1, 'PO'    , 'PORTAL');
INSERT INTO codigo (idcategoria, codigo, descripcion) VALUES (1, 'AU'    , 'AUTOVIA');
INSERT INTO codigo (idcategoria, codigo, descripcion) VALUES (1, 'PL'    , 'PARALELA');
INSERT INTO codigo (idcategoria, codigo, descripcion) VALUES (1, 'PY'    , 'PLAYA');
INSERT INTO codigo (idcategoria, codigo, descripcion) VALUES (1, 'ET'    , 'ESTRADA');
INSERT INTO codigo (idcategoria, codigo, descripcion) VALUES (1, 'PC'    , 'PARTICULAR');
INSERT INTO codigo (idcategoria, codigo, descripcion) VALUES (1, 'RS'    , 'RESIDENCIAL');
INSERT INTO codigo (idcategoria, codigo, descripcion) VALUES (1, 'CE'    , 'CARRERA');
INSERT INTO codigo (idcategoria, codigo, descripcion) VALUES (1, 'CV'    , 'CAMINO VIEJO');
INSERT INTO codigo (idcategoria, codigo, descripcion) VALUES (1, 'PE'    , 'PLAZOLETA');
INSERT INTO codigo (idcategoria, codigo, descripcion) VALUES (1, 'CD'    , 'CUADRA');
INSERT INTO codigo (idcategoria, codigo, descripcion) VALUES (1, 'PI'    , 'PASADIZO');
INSERT INTO codigo (idcategoria, codigo, descripcion) VALUES (1, 'SP'    , 'PASO');
INSERT INTO codigo (idcategoria, codigo, descripcion) VALUES (1, 'AZ'    , 'PLAZUELA');
INSERT INTO codigo (idcategoria, codigo, descripcion) VALUES (1, 'CP'    , 'CAMPING');
INSERT INTO codigo (idcategoria, codigo, descripcion) VALUES (1, 'RL'    , 'RAVAL');
INSERT INTO codigo (idcategoria, codigo, descripcion) VALUES (1, 'CT'    , 'CINTURON');
INSERT INTO codigo (idcategoria, codigo, descripcion) VALUES (1, 'DS'    , 'DISEMINADO');
INSERT INTO codigo (idcategoria, codigo, descripcion) VALUES (1, 'RI'    , 'RIO');
INSERT INTO codigo (idcategoria, codigo, descripcion) VALUES (1, 'EC'    , 'ESTACION');
INSERT INTO codigo (idcategoria, codigo, descripcion) VALUES (1, 'LL'    , 'PASILLO');
INSERT INTO codigo (idcategoria, codigo, descripcion) VALUES (1, 'AC'    , 'ACERA');
INSERT INTO codigo (idcategoria, codigo, descripcion) VALUES (1, 'CI'    , 'CARRIL');
INSERT INTO codigo (idcategoria, codigo, descripcion) VALUES (1, 'CC'    , 'CAMPO');
INSERT INTO codigo (idcategoria, codigo, descripcion) VALUES (1, 'RE'    , 'REPLACETA');
INSERT INTO codigo (idcategoria, codigo, descripcion) VALUES (1, 'AN'    , 'ANTIGUO');
INSERT INTO codigo (idcategoria, codigo, descripcion) VALUES (1, 'IS'    , 'ISLA');
INSERT INTO codigo (idcategoria, codigo, descripcion) VALUES (1, 'VC'    , 'CUEVAS');
INSERT INTO codigo (idcategoria, codigo, descripcion) VALUES (1, 'FN'    , 'FINCA');
INSERT INTO codigo (idcategoria, codigo, descripcion) VALUES (1, 'JP'    , 'PARAJE');
INSERT INTO codigo (idcategoria, codigo, descripcion) VALUES (1, 'MA'    , 'MALECON');
INSERT INTO codigo (idcategoria, codigo, descripcion) VALUES (1, 'LM'    , 'LOMA');
INSERT INTO codigo (idcategoria, codigo, descripcion) VALUES (1, 'CO'    , 'CORTIJO');
INSERT INTO codigo (idcategoria, codigo, descripcion) VALUES (1, 'SR'    , 'ESCALERA');
INSERT INTO codigo (idcategoria, codigo, descripcion) VALUES (1, 'VR'    , 'VEREDA');
INSERT INTO codigo (idcategoria, codigo, descripcion) VALUES (1, 'OS'    , 'POSADA');
INSERT INTO codigo (idcategoria, codigo, descripcion) VALUES (1, 'ZN'    , 'ZONA');
INSERT INTO codigo (idcategoria, codigo, descripcion) VALUES (1, 'MO'    , 'MONTAÑA');
INSERT INTO codigo (idcategoria, codigo, descripcion) VALUES (1, 'EJ'    , 'CALLEJUELA');
INSERT INTO codigo (idcategoria, codigo, descripcion) VALUES (1, 'AS'    , 'CASAS');
INSERT INTO codigo (idcategoria, codigo, descripcion) VALUES (1, 'TS'    , 'TRANSITO');
INSERT INTO codigo (idcategoria, codigo, descripcion) VALUES (1, 'NL'    , 'CANAL');
INSERT INTO codigo (idcategoria, codigo, descripcion) VALUES (1, 'VD'    , 'VIADUCTO');
INSERT INTO codigo (idcategoria, codigo, descripcion) VALUES (1, 'TI'    , 'PORTICO');
INSERT INTO codigo (idcategoria, codigo, descripcion) VALUES (1, 'NI'    , 'COSTANILLA');
INSERT INTO codigo (idcategoria, codigo, descripcion) VALUES (1, 'MR'    , 'MONASTERIO');
INSERT INTO codigo (idcategoria, codigo, descripcion) VALUES (1, 'KO'    , 'COOPERATIVA');
INSERT INTO codigo (idcategoria, codigo, descripcion) VALUES (1, 'NT'    , 'CANTON');
INSERT INTO codigo (idcategoria, codigo, descripcion) VALUES (1, 'VV'    , 'VIVIENDAS');
INSERT INTO codigo (idcategoria, codigo, descripcion) VALUES (1, 'RO'    , 'ROTONDA');
INSERT INTO codigo (idcategoria, codigo, descripcion) VALUES (1, 'MU'    , 'MURO');
INSERT INTO codigo (idcategoria, codigo, descripcion) VALUES (1, 'PN'    , 'PARCELACION');
INSERT INTO codigo (idcategoria, codigo, descripcion) VALUES (1, 'TE'    , 'TRASERA');
INSERT INTO codigo (idcategoria, codigo, descripcion) VALUES (1, 'RN'    , 'RONDIN');
INSERT INTO codigo (idcategoria, codigo, descripcion) VALUES (1, 'BA'    , 'BARRIADA');
INSERT INTO codigo (idcategoria, codigo, descripcion) VALUES (1, 'NC'    , 'NUCLEO');
INSERT INTO codigo (idcategoria, codigo, descripcion) VALUES (1, 'LA'    , 'PLACETA');
INSERT INTO codigo (idcategoria, codigo, descripcion) VALUES (1, 'CZ'    , 'CALZADA');
INSERT INTO codigo (idcategoria, codigo, descripcion) VALUES (1, 'PM'    , 'PASEO MARITIMO');
INSERT INTO codigo (idcategoria, codigo, descripcion) VALUES (1, 'VL'    , 'VILLA');
INSERT INTO codigo (idcategoria, codigo, descripcion) VALUES (1, 'DC'    , 'CORREDOR');
INSERT INTO codigo (idcategoria, codigo, descripcion) VALUES (1, 'CQ'    , 'ACEQUIA');
INSERT INTO codigo (idcategoria, codigo, descripcion) VALUES (1, 'VA'    , 'VIAL');
INSERT INTO codigo (idcategoria, codigo, descripcion) VALUES (1, 'ND'    , 'NUDO');
INSERT INTO codigo (idcategoria, codigo, descripcion) VALUES (1, 'SN'    , 'SENDERO');
INSERT INTO codigo (idcategoria, codigo, descripcion) VALUES (1, 'AE'    , 'ACCESO');
INSERT INTO codigo (idcategoria, codigo, descripcion) VALUES (1, 'RA'    , 'RIBERA');
INSERT INTO codigo (idcategoria, codigo, descripcion) VALUES (1, 'UE'    , 'PUEBLO');
INSERT INTO codigo (idcategoria, codigo, descripcion) VALUES (1, 'DE'    , 'DEHESA');
INSERT INTO codigo (idcategoria, codigo, descripcion) VALUES (1, 'EA'    , 'ESCALAS');
INSERT INTO codigo (idcategoria, codigo, descripcion) VALUES (1, 'EO'    , 'CERRO');
INSERT INTO codigo (idcategoria, codigo, descripcion) VALUES (1, 'TL'    , 'TUNEL');
INSERT INTO codigo (idcategoria, codigo, descripcion) VALUES (1, 'TJ'    , 'ATAJO');
INSERT INTO codigo (idcategoria, codigo, descripcion) VALUES (1, 'AT'    , 'ALTO');
INSERT INTO codigo (idcategoria, codigo, descripcion) VALUES (1, 'OT'    , 'POSTIGO');
INSERT INTO codigo (idcategoria, codigo, descripcion) VALUES (1, 'NR'    , 'ANDADOR');
INSERT INTO codigo (idcategoria, codigo, descripcion) VALUES (1, 'NO'    , 'PANTANO');
INSERT INTO codigo (idcategoria, codigo, descripcion) VALUES (1, 'LN'    , 'LLANO');
INSERT INTO codigo (idcategoria, codigo, descripcion) VALUES (1, 'LQ'    , 'ALQUERIA');
INSERT INTO codigo (idcategoria, codigo, descripcion) VALUES (1, 'ST'    , 'SANTUARIO');
INSERT INTO codigo (idcategoria, codigo, descripcion) VALUES (1, 'FU'    , 'FUENTE');
INSERT INTO codigo (idcategoria, codigo, descripcion) VALUES (1, 'IN'    , 'RECINTO');
INSERT INTO codigo (idcategoria, codigo, descripcion) VALUES (1, 'UT'    , 'PUERTO');
INSERT INTO codigo (idcategoria, codigo, descripcion) VALUES (1, 'AB'    , 'ARRABAL');
INSERT INTO codigo (idcategoria, codigo, descripcion) VALUES (1, 'SE'    , 'SECCION');
INSERT INTO codigo (idcategoria, codigo, descripcion) VALUES (1, 'SA'    , 'SALON');
INSERT INTO codigo (idcategoria, codigo, descripcion) VALUES (1, 'AI'    , 'PATIO');
INSERT INTO codigo (idcategoria, codigo, descripcion) VALUES (1, 'IU'    , 'CIUDADELA');
INSERT INTO codigo (idcategoria, codigo, descripcion) VALUES (1, 'RU'    , 'CRUCE');
INSERT INTO codigo (idcategoria, codigo, descripcion) VALUES (1, 'TA'    , 'COSTA');
INSERT INTO codigo (idcategoria, codigo, descripcion) VALUES (1, 'TV'    , 'TRANSVERSAL');
INSERT INTO codigo (idcategoria, codigo, descripcion) VALUES (1, 'ON'    , 'CONVENTO');
INSERT INTO codigo (idcategoria, codigo, descripcion) VALUES (1, 'AO'    , 'ARCO');
INSERT INTO codigo (idcategoria, codigo, descripcion) VALUES (1, 'HO'    , 'HORTA');
INSERT INTO codigo (idcategoria, codigo, descripcion) VALUES (1, 'BB'    , 'RECANTOS');
INSERT INTO codigo (idcategoria, codigo, descripcion) VALUES (1, 'TP'    , 'AUTOPISTA');
INSERT INTO codigo (idcategoria, codigo, descripcion) VALUES (1, 'OA'    , 'CORRAL');
INSERT INTO codigo (idcategoria, codigo, descripcion) VALUES (1, 'CB'    , 'CIRCUNVALACION');
INSERT INTO codigo (idcategoria, codigo, descripcion) VALUES (1, 'OE'    , 'COSTERA');
INSERT INTO codigo (idcategoria, codigo, descripcion) VALUES (1, 'QE'    , 'PARQUE');
INSERT INTO codigo (idcategoria, codigo, descripcion) VALUES (1, 'OL'    , 'COLONIA');
INSERT INTO codigo (idcategoria, codigo, descripcion) VALUES (1, 'DA'    , 'RINCONADA');
INSERT INTO codigo (idcategoria, codigo, descripcion) VALUES (1, 'CÑ'    , 'CAÑADA');

INSERT INTO codigo (idcategoria, codigo, descripcion) VALUES (1, 'SI'    , ' ');
INSERT INTO codigo (idcategoria, codigo, descripcion) VALUES (1, 'LU'    , ' ');
INSERT INTO codigo (idcategoria, codigo, descripcion) VALUES (1, 'LO'    , ' ');

INSERT INTO categoria (idcategoria, categoria, descripcion, tipo, longitud) VALUES (2, 'TPAC', 'Tipo de acción comercial', 'A', 0);

INSERT INTO codigo (idcategoria, codigo, descripcion) VALUES (2, 'VSTA'  , 'Visita a cliente potencial');
INSERT INTO codigo (idcategoria, codigo, descripcion) VALUES (2, 'CALCP' , 'Cualificación de cliente potencial');
INSERT INTO codigo (idcategoria, codigo, descripcion) VALUES (2, 'PROF'  , 'Presentación de oferta a cliente potencial');
INSERT INTO codigo (idcategoria, codigo, descripcion) VALUES (2, 'ACOF'  , 'Aceptación de oferta de cliente potencial');

INSERT INTO categoria (idcategoria, categoria, descripcion, tipo, longitud) VALUES (3, 'TCOBRO', 'Tipo de cobro del envio', 'A', 0);

INSERT INTO codigo (idcategoria, codigo, descripcion) VALUES (3, 'ORI'  , 'Origen');
INSERT INTO codigo (idcategoria, codigo, descripcion) VALUES (3, 'DES'  , 'Destino');
INSERT INTO codigo (idcategoria, codigo, descripcion) VALUES (3, 'TER'  , 'Tercera');

INSERT INTO franquicia (codigo, descripcion, tipovia, via, numerovia, restovia, cp, localidad, provincia, fijo) VALUES ('01801', 'AZUQUECA'   , 'CL' , 'Plástico'     ,   '5'  , NULL             , '19200', 'AZUQUECA DE HENARES', 'GUADALAJARA', '949 27 70 76');
INSERT INTO franquicia (codigo, descripcion, tipovia, via, numerovia, restovia, cp, localidad, provincia, fijo) VALUES ('02607', 'MAJADAHONDA', 'AV' , 'Dr. Marañón'  ,  '25'  , NULL             , '28220', 'MAJADAHONDA'        , 'MADRID'     , '916 34 11 99');
INSERT INTO franquicia (codigo, descripcion, tipovia, via, numerovia, restovia, cp, localidad, provincia, fijo) VALUES ('02609', 'POZUELO'    , 'AV' , 'del Monte'    ,   '3'  , NULL             , '28223', 'POZUELO DE ALARCÓN' , 'MADRID'     , '913 51 31 02');
INSERT INTO franquicia (codigo, descripcion, tipovia, via, numerovia, restovia, cp, localidad, provincia, fijo) VALUES ('02625', 'AYALA'      , 'CL' , 'Ayala'        ,  '94'  , NULL             , '28001', 'MADRID'             , 'MADRID'     , '915 77 07 14');
INSERT INTO franquicia (codigo, descripcion, tipovia, via, numerovia, restovia, cp, localidad, provincia, fijo) VALUES ('02634', 'VILLALBA'   , 'CL' , 'Azuela'       ,  '16'  , 'Polígono P-29'  , '28400', 'COLLADO VILLALBA'   , 'MADRID'     , '918 42 43 00');
INSERT INTO franquicia (codigo, descripcion, tipovia, via, numerovia, restovia, cp, localidad, provincia, fijo) VALUES ('02647', 'BARAJAS'    , 'AV' , 'Central'      ,  '18'  , NULL             , '28042', 'MADRID'             , 'MADRID'     , '913 29 50 00');
INSERT INTO franquicia (codigo, descripcion, tipovia, via, numerovia, restovia, cp, localidad, provincia, fijo) VALUES ('02651', 'LAS ROZAS'  , 'CL' , 'Rotterdam'    ,  '6'   , 'P.O. Európolis' , '28232', 'LAS ROZAS DE MADRID', 'MADRID'     , '916 40 60 57');
INSERT INTO franquicia (codigo, descripcion, tipovia, via, numerovia, restovia, cp, localidad, provincia, fijo) VALUES ('02659', 'VALDEMORO'  , 'AV' , 'del Majuelo'  ,  '20'  , 'Pol. la Postura', '28340', 'VALDEMORO'          , 'MADRID'     , '918 95 66 68');
INSERT INTO franquicia (codigo, descripcion, tipovia, via, numerovia, restovia, cp, localidad, provincia, fijo) VALUES ('02662', 'USERA'      , 'CL' , 'Eugenio Caxes',  '12'  , NULL             , '28026', 'MADRID'             , 'MADRID'     , '913 92 04 70');
INSERT INTO franquicia (codigo, descripcion, tipovia, via, numerovia, restovia, cp, localidad, provincia, fijo) VALUES ('02668', 'CARABANCHEL', 'CL' , 'Secoya'       ,  '28'  , NULL             , '28044', 'MADRID'             , 'MADRID'     , '914 62 09 01');
INSERT INTO franquicia (codigo, descripcion, tipovia, via, numerovia, restovia, cp, localidad, provincia, fijo) VALUES ('02673', 'ALCALÁ'     , 'CL' , 'Chichón'      , '306'  , NULL             , '28805', 'ALCALÁ DE HENARES'  , 'MADRID'     , '918 79 02 60');
INSERT INTO franquicia (codigo, descripcion, tipovia, via, numerovia, restovia, cp, localidad, provincia, fijo) VALUES ('04200', 'TOLEDO'     , 'PS' , 'De la Rosa'   , '150'  , NULL             , '45006', 'TOLEDO'             , 'MADRID'     , '925 21 44 04');

INSERT INTO persona (tipo, nombre, apellidos, correo) VALUES ('F', 'Jose Luis'    , 'Cuevas'                    , 'jlcuevasr@urbgrupo.es');
INSERT INTO persona (tipo, nombre, apellidos, correo) VALUES ('F', 'Oscar'        , 'Vidart'                    , 'oscar@urbgrupo.es');

INSERT INTO persona (tipo, nombre, apellidos, correo) VALUES ('F', 'José Manuel'  , 'Aguado'                    , 'josemanuel.aguado@urbgrupo.es'   );
INSERT INTO persona (tipo, nombre, apellidos, correo) VALUES ('F', 'José Antonio' , 'Rabaneda'                  , 'joseantonio.rabaneda@urbgrupo.es');
INSERT INTO persona (tipo, nombre, apellidos, correo) VALUES ('F', 'Maricarmen'   , 'Mestril'                   , 'maricarmen.mestril@urbgrupo.es'  );
INSERT INTO persona (tipo, nombre, apellidos, correo) VALUES ('F', 'Gloria'       , 'Martínez'                  , 'gloria.martinez@urbgrupo.es'     );
INSERT INTO persona (tipo, nombre, apellidos, correo) VALUES ('F', 'Jorge'        , 'Jimenez'                   , 'jorge.jimenez@urbgrupo.es'       );
INSERT INTO persona (tipo, nombre, apellidos, correo) VALUES ('F', 'José Julio'   , 'Pérez'                     , 'josejulio.perez@urbgrupo.es'     );
INSERT INTO persona (tipo, nombre, apellidos, correo) VALUES ('F', 'Manuel'       , 'Santiago'                  , 'manuel.santiago@urbgrupo.es'     );

INSERT INTO persona (tipo, nombre, apellidos, correo) VALUES ('F', 'Noemi'        , 'Sanchez'                   , 'noemi.sanchez@urbgrupo.es'       );
INSERT INTO persona (tipo, nombre, apellidos, correo) VALUES ('F', 'Miguel Angel' , 'Jimenez'                   , 'miguelangel.jimenez@urbgrupo.es' );
INSERT INTO persona (tipo, nombre, apellidos, correo) VALUES ('F', 'Jesus'        , 'Navarro'                   , 'jesus.navarro@urbgrupo.es'       );
INSERT INTO persona (tipo, nombre, apellidos, correo) VALUES ('F', 'Carlos'       , 'García de Lacy'            , 'carlos.garcia@urbgrupo.es'       );
INSERT INTO persona (tipo, nombre, apellidos, correo) VALUES ('F', 'Isabel'       , 'Rossignoli'                , 'isabel.rossignoli@urbgrupo.es'   );
INSERT INTO persona (tipo, nombre, apellidos, correo) VALUES ('F', 'Yoli'         , 'De La Rosa'                , 'yoli.delarosa@urbgrupo.es'       );
INSERT INTO persona (tipo, nombre, apellidos, correo) VALUES ('F', 'Arturo'       , 'Dos Apellidos Arturo'      , 'arturo@urbgrupo.es'              );
INSERT INTO persona (tipo, nombre, apellidos, correo) VALUES ('F', 'Juan'         , 'Varela'                    , 'juan.varela@urbgrupo.es'         );
INSERT INTO persona (tipo, nombre, apellidos, correo) VALUES ('F', 'Rafael'       , 'Paulete'                   , 'rafael.paulete@urbgrupo.es'      );
INSERT INTO persona (tipo, nombre, apellidos, correo) VALUES ('F', 'Ines'         , 'Nuñez'                     , 'ines.nunez@urbgrupo.es'          );
INSERT INTO persona (tipo, nombre, apellidos, correo) VALUES ('F', 'Jose Miguel'  , 'Agujetas'                  , 'josemiguel.agujetas@urbgrupo.es' );
INSERT INTO persona (tipo, nombre, apellidos, correo) VALUES ('F', 'Oumaima'      , 'Lyeftahi'                  , 'oumaima.lyeftahi@urbgrupo.es'    );
INSERT INTO persona (tipo, nombre, apellidos, correo) VALUES ('F', 'Camilo'       , 'Garcia Rodriguez'          , 'camilo.garcia@urbgrupo.es'       );
INSERT INTO persona (tipo, nombre, apellidos, correo) VALUES ('F', 'Juan José'    , 'Perez'                     , 'juanjose.perez@urbgrupo.es'      );

INSERT INTO persona (tipo, nombre, apellidos, correo) VALUES ('F', 'Cesar'        , 'Razuri'                    , 'cesar.razuri@urbgrupo.es'        );
INSERT INTO persona (tipo, nombre, apellidos, correo) VALUES ('F', 'Matias'       , 'Corio'                     , 'matias.corio@urbgrupo.es'        );

INSERT INTO cargo (descripcion) VALUES ('Director General');
INSERT INTO cargo (descripcion) VALUES ('Director Financiero');
INSERT INTO cargo (descripcion) VALUES ('Director Comercial');
INSERT INTO cargo (descripcion) VALUES ('Gerente');

INSERT INTO cargo (descripcion) VALUES ('Jefe de tráfico');

INSERT INTO grupo (idpersona,idcargo,idfranquicia, finicio, ffin) VALUES ( 3, 3, NULL, '2021-01-01', NULL);
INSERT INTO grupo (idpersona,idcargo,idfranquicia, finicio, ffin) VALUES ( 4, 4,    1, '2021-01-01', NULL);
INSERT INTO grupo (idpersona,idcargo,idfranquicia, finicio, ffin) VALUES ( 5, 4,    2, '2021-01-01', NULL);
INSERT INTO grupo (idpersona,idcargo,idfranquicia, finicio, ffin) VALUES ( 6, 4,    3, '2021-01-01', NULL);
INSERT INTO grupo (idpersona,idcargo,idfranquicia, finicio, ffin) VALUES ( 7, 4,    4, '2021-01-01', NULL);
INSERT INTO grupo (idpersona,idcargo,idfranquicia, finicio, ffin) VALUES ( 8, 4,    5, '2021-01-01', NULL);
INSERT INTO grupo (idpersona,idcargo,idfranquicia, finicio, ffin) VALUES ( 9, 4,    6, '2021-01-01', NULL);
INSERT INTO grupo (idpersona,idcargo,idfranquicia, finicio, ffin) VALUES ( 5, 4,    7, '2021-01-01', NULL);
INSERT INTO grupo (idpersona,idcargo,idfranquicia, finicio, ffin) VALUES ( 5, 4,    8, '2021-01-01', NULL);
INSERT INTO grupo (idpersona,idcargo,idfranquicia, finicio, ffin) VALUES ( 8, 4,    9, '2021-01-01', NULL);
INSERT INTO grupo (idpersona,idcargo,idfranquicia, finicio, ffin) VALUES ( 8, 4,   10, '2021-01-01', NULL);
INSERT INTO grupo (idpersona,idcargo,idfranquicia, finicio, ffin) VALUES ( 4, 4,   11, '2021-01-01', NULL);

INSERT INTO grupo (idpersona,idcargo,idfranquicia, finicio, ffin) VALUES (24, 5,    7, '2021-01-01', NULL);
INSERT INTO grupo (idpersona,idcargo,idfranquicia, finicio, ffin) VALUES (25, 5,    2, '2021-01-01', NULL);

INSERT INTO perfil (idmodulo, orden, descripcion, visible) VALUES (1, 1,'Comercial'          , 'S');
INSERT INTO perfil (idmodulo, orden, descripcion, visible) VALUES (1, 2,'Gerente'            , 'S');
INSERT INTO perfil (idmodulo, orden, descripcion, visible) VALUES (1, 3,'Director comercial' , 'S');

INSERT INTO perfil (idmodulo, orden, descripcion, visible) VALUES (7, 1,'Grupo'              , 'S');
INSERT INTO perfil (idmodulo, orden, descripcion, visible) VALUES (7, 2,'Gerencia'           , 'S');
INSERT INTO perfil (idmodulo, orden, descripcion, visible) VALUES (7, 3,'Jefatura de tráfico', 'S');
INSERT INTO perfil (idmodulo, orden, descripcion, visible) VALUES (7, 4,'TI'                 , 'S');

INSERT INTO usuario (idpersona, idperfil, clavec, clavee, ivalidez, fvalidez, intentos, recuperacion) VALUES ( 1, 1, 'password', '5baa61e4c9b93f3f0682250b6cf8331b7ee68fd8', '2021-01-01', NULL, 0, NULL);
INSERT INTO usuario (idpersona, idperfil, clavec, clavee, ivalidez, fvalidez, intentos, recuperacion) VALUES ( 1, 2, 'password', '5baa61e4c9b93f3f0682250b6cf8331b7ee68fd8', '2021-01-01', NULL, 0, NULL);
INSERT INTO usuario (idpersona, idperfil, clavec, clavee, ivalidez, fvalidez, intentos, recuperacion) VALUES ( 1, 3, 'password', '5baa61e4c9b93f3f0682250b6cf8331b7ee68fd8', '2021-01-01', NULL, 0, NULL);
INSERT INTO usuario (idpersona, idperfil, clavec, clavee, ivalidez, fvalidez, intentos, recuperacion) VALUES ( 1, 5, 'password', '5baa61e4c9b93f3f0682250b6cf8331b7ee68fd8', '2021-01-01', NULL, 0, NULL);
INSERT INTO usuario (idpersona, idperfil, clavec, clavee, ivalidez, fvalidez, intentos, recuperacion) VALUES ( 1, 6, 'password', '5baa61e4c9b93f3f0682250b6cf8331b7ee68fd8', '2021-01-01', NULL, 0, NULL);
INSERT INTO usuario (idpersona, idperfil, clavec, clavee, ivalidez, fvalidez, intentos, recuperacion) VALUES ( 1, 7, 'password', '5baa61e4c9b93f3f0682250b6cf8331b7ee68fd8', '2021-01-01', NULL, 0, NULL);

INSERT INTO usuario (idpersona, idperfil, clavec, clavee, ivalidez, fvalidez, intentos, recuperacion) VALUES ( 2, 1, 'password', '5baa61e4c9b93f3f0682250b6cf8331b7ee68fd8', '2021-01-01', NULL, 0, NULL);
INSERT INTO usuario (idpersona, idperfil, clavec, clavee, ivalidez, fvalidez, intentos, recuperacion) VALUES ( 2, 2, 'password', '5baa61e4c9b93f3f0682250b6cf8331b7ee68fd8', '2021-01-01', NULL, 0, NULL);
INSERT INTO usuario (idpersona, idperfil, clavec, clavee, ivalidez, fvalidez, intentos, recuperacion) VALUES ( 2, 3, 'password', '5baa61e4c9b93f3f0682250b6cf8331b7ee68fd8', '2021-01-01', NULL, 0, NULL);
INSERT INTO usuario (idpersona, idperfil, clavec, clavee, ivalidez, fvalidez, intentos, recuperacion) VALUES ( 2, 6, 'password', '5baa61e4c9b93f3f0682250b6cf8331b7ee68fd8', '2021-01-01', NULL, 0, NULL);

INSERT INTO usuario (idpersona, idperfil, clavec, clavee, ivalidez, fvalidez, intentos, recuperacion) VALUES ( 3, 3, 'password', '5baa61e4c9b93f3f0682250b6cf8331b7ee68fd8', '2021-01-01', NULL, 0, NULL);

INSERT INTO usuario (idpersona, idperfil, clavec, clavee, ivalidez, fvalidez, intentos, recuperacion) VALUES ( 4, 2, 'password', '5baa61e4c9b93f3f0682250b6cf8331b7ee68fd8', '2021-01-01', NULL, 0, NULL);
INSERT INTO usuario (idpersona, idperfil, clavec, clavee, ivalidez, fvalidez, intentos, recuperacion) VALUES ( 5, 2, 'password', '5baa61e4c9b93f3f0682250b6cf8331b7ee68fd8', '2021-01-01', NULL, 0, NULL);
INSERT INTO usuario (idpersona, idperfil, clavec, clavee, ivalidez, fvalidez, intentos, recuperacion) VALUES ( 6, 2, 'password', '5baa61e4c9b93f3f0682250b6cf8331b7ee68fd8', '2021-01-01', NULL, 0, NULL);
INSERT INTO usuario (idpersona, idperfil, clavec, clavee, ivalidez, fvalidez, intentos, recuperacion) VALUES ( 7, 2, 'password', '5baa61e4c9b93f3f0682250b6cf8331b7ee68fd8', '2021-01-01', NULL, 0, NULL);
INSERT INTO usuario (idpersona, idperfil, clavec, clavee, ivalidez, fvalidez, intentos, recuperacion) VALUES ( 8, 2, 'password', '5baa61e4c9b93f3f0682250b6cf8331b7ee68fd8', '2021-01-01', NULL, 0, NULL);
INSERT INTO usuario (idpersona, idperfil, clavec, clavee, ivalidez, fvalidez, intentos, recuperacion) VALUES ( 9, 2, 'password', '5baa61e4c9b93f3f0682250b6cf8331b7ee68fd8', '2021-01-01', NULL, 0, NULL);

INSERT INTO usuario (idpersona, idperfil, clavec, clavee, ivalidez, fvalidez, intentos, recuperacion) VALUES (10, 1, 'password', '5baa61e4c9b93f3f0682250b6cf8331b7ee68fd8', '2021-01-01', NULL, 0, NULL);
INSERT INTO usuario (idpersona, idperfil, clavec, clavee, ivalidez, fvalidez, intentos, recuperacion) VALUES (11, 1, 'password', '5baa61e4c9b93f3f0682250b6cf8331b7ee68fd8', '2021-01-01', NULL, 0, NULL);
INSERT INTO usuario (idpersona, idperfil, clavec, clavee, ivalidez, fvalidez, intentos, recuperacion) VALUES (12, 1, 'password', '5baa61e4c9b93f3f0682250b6cf8331b7ee68fd8', '2021-01-01', NULL, 0, NULL);
INSERT INTO usuario (idpersona, idperfil, clavec, clavee, ivalidez, fvalidez, intentos, recuperacion) VALUES (13, 1, 'password', '5baa61e4c9b93f3f0682250b6cf8331b7ee68fd8', '2021-01-01', NULL, 0, NULL);
INSERT INTO usuario (idpersona, idperfil, clavec, clavee, ivalidez, fvalidez, intentos, recuperacion) VALUES (14, 1, 'password', '5baa61e4c9b93f3f0682250b6cf8331b7ee68fd8', '2021-01-01', NULL, 0, NULL);
INSERT INTO usuario (idpersona, idperfil, clavec, clavee, ivalidez, fvalidez, intentos, recuperacion) VALUES (15, 1, 'password', '5baa61e4c9b93f3f0682250b6cf8331b7ee68fd8', '2021-01-01', NULL, 0, NULL);
INSERT INTO usuario (idpersona, idperfil, clavec, clavee, ivalidez, fvalidez, intentos, recuperacion) VALUES (16, 1, 'password', '5baa61e4c9b93f3f0682250b6cf8331b7ee68fd8', '2021-01-01', NULL, 0, NULL);
INSERT INTO usuario (idpersona, idperfil, clavec, clavee, ivalidez, fvalidez, intentos, recuperacion) VALUES (17, 1, 'password', '5baa61e4c9b93f3f0682250b6cf8331b7ee68fd8', '2021-01-01', NULL, 0, NULL);
INSERT INTO usuario (idpersona, idperfil, clavec, clavee, ivalidez, fvalidez, intentos, recuperacion) VALUES (18, 1, 'password', '5baa61e4c9b93f3f0682250b6cf8331b7ee68fd8', '2021-01-01', NULL, 0, NULL);
INSERT INTO usuario (idpersona, idperfil, clavec, clavee, ivalidez, fvalidez, intentos, recuperacion) VALUES (19, 1, 'password', '5baa61e4c9b93f3f0682250b6cf8331b7ee68fd8', '2021-01-01', NULL, 0, NULL);
INSERT INTO usuario (idpersona, idperfil, clavec, clavee, ivalidez, fvalidez, intentos, recuperacion) VALUES (20, 1, 'password', '5baa61e4c9b93f3f0682250b6cf8331b7ee68fd8', '2021-01-01', NULL, 0, NULL);
INSERT INTO usuario (idpersona, idperfil, clavec, clavee, ivalidez, fvalidez, intentos, recuperacion) VALUES (21, 1, 'password', '5baa61e4c9b93f3f0682250b6cf8331b7ee68fd8', '2021-01-01', NULL, 0, NULL);
INSERT INTO usuario (idpersona, idperfil, clavec, clavee, ivalidez, fvalidez, intentos, recuperacion) VALUES (22, 1, 'password', '5baa61e4c9b93f3f0682250b6cf8331b7ee68fd8', '2021-01-01', NULL, 0, NULL);
INSERT INTO usuario (idpersona, idperfil, clavec, clavee, ivalidez, fvalidez, intentos, recuperacion) VALUES (23, 1, 'password', '5baa61e4c9b93f3f0682250b6cf8331b7ee68fd8', '2021-01-01', NULL, 0, NULL);

INSERT INTO usuario (idpersona, idperfil, clavec, clavee, ivalidez, fvalidez, intentos, recuperacion) VALUES (24, 4, 'password', '5baa61e4c9b93f3f0682250b6cf8331b7ee68fd8', '2021-01-01', NULL, 0, NULL);
INSERT INTO usuario (idpersona, idperfil, clavec, clavee, ivalidez, fvalidez, intentos, recuperacion) VALUES (25, 4, 'password', '5baa61e4c9b93f3f0682250b6cf8331b7ee68fd8', '2021-01-01', NULL, 0, NULL);

INSERT INTO comercial (idpersona) VALUES (10);
INSERT INTO comercial (idpersona) VALUES (11);
INSERT INTO comercial (idpersona) VALUES (12);
INSERT INTO comercial (idpersona) VALUES (13);
INSERT INTO comercial (idpersona) VALUES (14);
INSERT INTO comercial (idpersona) VALUES (15);
INSERT INTO comercial (idpersona) VALUES (16);
INSERT INTO comercial (idpersona) VALUES (17);
INSERT INTO comercial (idpersona) VALUES (18);
INSERT INTO comercial (idpersona) VALUES (19);
INSERT INTO comercial (idpersona) VALUES (20);
INSERT INTO comercial (idpersona) VALUES (21);
INSERT INTO comercial (idpersona) VALUES (22);
INSERT INTO comercial (idpersona) VALUES (23);


INSERT INTO comercialesfranquicia (idfranquicia, idcomercial, finicio, ffin) VALUES ( 1, 1, '2021-01-01',         NULL); -- Noemi         : 01801
INSERT INTO comercialesfranquicia (idfranquicia, idcomercial, finicio, ffin) VALUES ( 2, 2, '2021-01-01',         NULL); -- Miguel Angel  : 02607
INSERT INTO comercialesfranquicia (idfranquicia, idcomercial, finicio, ffin) VALUES ( 3, 3, '2021-01-01',         NULL); -- Jesus         : 02609
INSERT INTO comercialesfranquicia (idfranquicia, idcomercial, finicio, ffin) VALUES ( 4, 4, '2021-01-01',         NULL); -- Carlos        : 02625
INSERT INTO comercialesfranquicia (idfranquicia, idcomercial, finicio, ffin) VALUES ( 4, 5, '2021-01-01',         NULL); -- Isabel        : 02625
INSERT INTO comercialesfranquicia (idfranquicia, idcomercial, finicio, ffin) VALUES ( 5, 6, '2021-01-01',         NULL); -- Yoli          : 02634
INSERT INTO comercialesfranquicia (idfranquicia, idcomercial, finicio, ffin) VALUES ( 6, 8, '2021-01-01',         NULL); -- Juan          : 02647
INSERT INTO comercialesfranquicia (idfranquicia, idcomercial, finicio, ffin) VALUES ( 4, 9, '2021-01-01', '2021-05-31'); -- Rafael        : 02625
INSERT INTO comercialesfranquicia (idfranquicia, idcomercial, finicio, ffin) VALUES ( 7, 9, '2021-06-01',         NULL); -- Rafael        : 02651
INSERT INTO comercialesfranquicia (idfranquicia, idcomercial, finicio, ffin) VALUES ( 7,10, '2021-01-01',         NULL); -- Ines          : 02651
INSERT INTO comercialesfranquicia (idfranquicia, idcomercial, finicio, ffin) VALUES ( 8,11, '2021-01-01',         NULL); -- Jose Miguel   : 02659
INSERT INTO comercialesfranquicia (idfranquicia, idcomercial, finicio, ffin) VALUES ( 9,12, '2021-01-01',         NULL); -- Oumaima       : 02662
INSERT INTO comercialesfranquicia (idfranquicia, idcomercial, finicio, ffin) VALUES (10,13, '2021-01-01',         NULL); -- Camilo        : 02668
INSERT INTO comercialesfranquicia (idfranquicia, idcomercial, finicio, ffin) VALUES (11,14, '2021-01-01',         NULL); -- Juan José     : 02673


INSERT INTO servicio (codigo, descripcion) VALUES ('AZO'      , 'Urgente azores'     );
INSERT INTO servicio (codigo, descripcion) VALUES ('BURO'     , 'Burofax');
INSERT INTO servicio (codigo, descripcion) VALUES ('BOX25'    , 'ECOBOX 25');
INSERT INTO servicio (codigo, descripcion) VALUES ('CC'       , 'CC'       );
INSERT INTO servicio (codigo, descripcion) VALUES ('DEVBURO'  , 'Devolución Burofax'  );
INSERT INTO servicio (codigo, descripcion) VALUES ('DOC14'    , 'Documentos 14'    );
INSERT INTO servicio (codigo, descripcion) VALUES ('ECCJ'     , 'E-commerce canje' );
INSERT INTO servicio (codigo, descripcion) VALUES ('ECO'      , 'Económico'        );
INSERT INTO servicio (codigo, descripcion) VALUES ('ECOM'     , 'E-commerce'       );
INSERT INTO servicio (codigo, descripcion) VALUES ('ECRE'     , 'Retorno canje'     );
INSERT INTO servicio (codigo, descripcion) VALUES ('MAAC'     , 'MAAC'     );
INSERT INTO servicio (codigo, descripcion) VALUES ('MAFU'     , 'MAFU'     );
INSERT INTO servicio (codigo, descripcion) VALUES ('MAPO'     , 'MAPO'     );
INSERT INTO servicio (codigo, descripcion) VALUES ('MARC'     , 'Marítimo Canarias');
INSERT INTO servicio (codigo, descripcion) VALUES ('MASC'     , 'Mascotas'     );
INSERT INTO servicio (codigo, descripcion) VALUES ('MASC830'  , 'MASC830'  );
INSERT INTO servicio (codigo, descripcion) VALUES ('MASCHOY'  , 'MASCHOY'  );
INSERT INTO servicio (codigo, descripcion) VALUES ('PAC'      , 'EXPRESS PAQUETES'  );
INSERT INTO servicio (codigo, descripcion) VALUES ('DOC'      , 'EXPRESS DOCUMENTOS'  );
INSERT INTO servicio (codigo, descripcion) VALUES ('RECP'     , 'RECP'     );
INSERT INTO servicio (codigo, descripcion) VALUES ('RETBURO'  , 'Retorno Burofax'  );
INSERT INTO servicio (codigo, descripcion) VALUES ('RETO'     , 'Retorno albarán'      );
INSERT INTO servicio (codigo, descripcion) VALUES ('U10'      , 'Urgente 10'           );
INSERT INTO servicio (codigo, descripcion) VALUES ('U10E'     , 'Urgente 10 expedición');
INSERT INTO servicio (codigo, descripcion) VALUES ('U12'      , 'Urgente 12'           );
INSERT INTO servicio (codigo, descripcion) VALUES ('U12E'     , 'Urgente 12 expedición');
INSERT INTO servicio (codigo, descripcion) VALUES ('U14'      , 'Urgente 14'           );
INSERT INTO servicio (codigo, descripcion) VALUES ('U14E'     , 'Urgente 14 expedición');
INSERT INTO servicio (codigo, descripcion) VALUES ('U19'      , 'Urgente 19'           );
INSERT INTO servicio (codigo, descripcion) VALUES ('U19E'     , 'Urgente 19 expedición');
INSERT INTO servicio (codigo, descripcion) VALUES ('U19PT'    , 'Urgente 19 pt'        );
INSERT INTO servicio (codigo, descripcion) VALUES ('U22'      , 'U22'      );
INSERT INTO servicio (codigo, descripcion) VALUES ('U830'     , 'Urgente 8:30'     );
INSERT INTO servicio (codigo, descripcion) VALUES ('U830E'    , 'Urgente 8:30 expedición');
INSERT INTO servicio (codigo, descripcion) VALUES ('UBAG14'   , 'Bag 14'   );
INSERT INTO servicio (codigo, descripcion) VALUES ('UBAG19'   , 'Bag 19'   );
INSERT INTO servicio (codigo, descripcion) VALUES ('UBAGHOY'  , 'UBAGHOY'  );
INSERT INTO servicio (codigo, descripcion) VALUES ('UFU'      , 'Urgente funchal');
INSERT INTO servicio (codigo, descripcion) VALUES ('UHOY'     , 'Urgente Hoy');
INSERT INTO servicio (codigo, descripcion) VALUES ('UMARITIMO', 'Marítimo Baleares');
INSERT INTO servicio (codigo, descripcion) VALUES ('UPS'      , 'UPS'      );
INSERT INTO servicio (codigo, descripcion) VALUES ('URHE'     , 'OperativaServicioEnumURHE');
INSERT INTO servicio (codigo, descripcion) VALUES ('SC'       , 'Express supercity');
INSERT INTO servicio (codigo, descripcion) VALUES ('MAFU'     , 'OperativaServicioEnumMAFU');

INSERT INTO gruposervicios (descripcion) VALUES ('Premium');
INSERT INTO gruposervicios (descripcion) VALUES ('Producción');

INSERT INTO agrupacionesservicios (idgruposervicios, idservicio) VALUES (1, 6);
INSERT INTO agrupacionesservicios (idgruposervicios, idservicio) VALUES (1,16);
INSERT INTO agrupacionesservicios (idgruposervicios, idservicio) VALUES (1,17);
INSERT INTO agrupacionesservicios (idgruposervicios, idservicio) VALUES (1,23);
INSERT INTO agrupacionesservicios (idgruposervicios, idservicio) VALUES (1,24);
INSERT INTO agrupacionesservicios (idgruposervicios, idservicio) VALUES (1,25);
INSERT INTO agrupacionesservicios (idgruposervicios, idservicio) VALUES (1,26);
INSERT INTO agrupacionesservicios (idgruposervicios, idservicio) VALUES (1,27);
INSERT INTO agrupacionesservicios (idgruposervicios, idservicio) VALUES (1,28);
INSERT INTO agrupacionesservicios (idgruposervicios, idservicio) VALUES (1,33);
INSERT INTO agrupacionesservicios (idgruposervicios, idservicio) VALUES (1,34);
INSERT INTO agrupacionesservicios (idgruposervicios, idservicio) VALUES (1,35);
INSERT INTO agrupacionesservicios (idgruposervicios, idservicio) VALUES (1,37);
INSERT INTO agrupacionesservicios (idgruposervicios, idservicio) VALUES (1,39);


INSERT INTO tarea (idcomercial, categoria, titulo, descripcion, fitarea, fftarea, progreso) VALUES ( 1, 'VAR', 'Una tarea de categoria VAR', 'Descripcion de la priemera tarea de 1' , '2021-05-01', '2021-05-01', 38);
INSERT INTO tarea (idcomercial, categoria, titulo, descripcion, fitarea, fftarea, progreso) VALUES ( 2, 'URG', 'Una tarea de categoria URG', 'Descripcion de la priemera tarea de 2' , '2021-05-01', '2021-05-01', 38);
INSERT INTO tarea (idcomercial, categoria, titulo, descripcion, fitarea, fftarea, progreso) VALUES ( 3, 'VAR', 'Una tarea de categoria VAR', 'Descripcion de la priemera tarea de 3' , '2021-05-01', '2021-05-01', 38);
INSERT INTO tarea (idcomercial, categoria, titulo, descripcion, fitarea, fftarea, progreso) VALUES ( 4, 'VAR', 'Una tarea de categoria VAR', 'Descripcion de la priemera tarea de 4' , '2021-05-01', '2021-05-01', 38);
INSERT INTO tarea (idcomercial, categoria, titulo, descripcion, fitarea, fftarea, progreso) VALUES ( 5, 'VAR', 'Una tarea de categoria VAR', 'Descripcion de la priemera tarea de 5' , '2021-05-01', '2021-05-01', 38);
INSERT INTO tarea (idcomercial, categoria, titulo, descripcion, fitarea, fftarea, progreso) VALUES ( 6, 'VAR', 'Una tarea de categoria VAR', 'Descripcion de la priemera tarea de 6' , '2021-05-01', '2021-05-01', 38);
INSERT INTO tarea (idcomercial, categoria, titulo, descripcion, fitarea, fftarea, progreso) VALUES ( 7, 'VAR', 'Una tarea de categoria VAR', 'Descripcion de la priemera tarea de 7' , '2021-05-01', '2021-05-01', 38);
INSERT INTO tarea (idcomercial, categoria, titulo, descripcion, fitarea, fftarea, progreso) VALUES ( 8, 'VAR', 'Una tarea de categoria VAR', 'Descripcion de la priemera tarea de 8' , '2021-05-01', '2021-05-01', 38);
INSERT INTO tarea (idcomercial, categoria, titulo, descripcion, fitarea, fftarea, progreso) VALUES ( 9, 'VAR', 'Una tarea de categoria VAR', 'Descripcion de la priemera tarea de 9' , '2021-05-01', '2021-05-01', 38);
INSERT INTO tarea (idcomercial, categoria, titulo, descripcion, fitarea, fftarea, progreso) VALUES (10, 'VAR', 'Una tarea de categoria VAR', 'Descripcion de la priemera tarea de 10', '2021-05-01', '2021-05-01', 38);
INSERT INTO tarea (idcomercial, categoria, titulo, descripcion, fitarea, fftarea, progreso) VALUES (11, 'VAR', 'Una tarea de categoria VAR', 'Descripcion de la priemera tarea de 11', '2021-05-01', '2021-05-01', 38);
INSERT INTO tarea (idcomercial, categoria, titulo, descripcion, fitarea, fftarea, progreso) VALUES (12, 'VAR', 'Una tarea de categoria VAR', 'Descripcion de la priemera tarea de 12', '2021-05-01', '2021-05-01', 38);
INSERT INTO tarea (idcomercial, categoria, titulo, descripcion, fitarea, fftarea, progreso) VALUES (13, 'VAR', 'Una tarea de categoria VAR', 'Descripcion de la priemera tarea de 13', '2021-05-01', '2021-05-01', 38);

INSERT INTO categoria (idcategoria, categoria, descripcion, tipo, longitud) VALUES (4, 'CNAE', 'Clasificación Nacional de Actividades Económicas', 'A', 0);
INSERT INTO codigo (idcategoria, codigo, descripcion) VALUES (4, 'A   ','Agricultura, ganadería, silvicultura y pesca');
INSERT INTO codigo (idcategoria, codigo, descripcion) VALUES (4, '01  ','Agricultura, ganadería, caza y servicios relacionados con las mismas');
INSERT INTO codigo (idcategoria, codigo, descripcion) VALUES (4, '011 ','Cultivos no perennes');
INSERT INTO codigo (idcategoria, codigo, descripcion) VALUES (4, '0111','Cultivo de cereales (excepto arroz), leguminosas y semillas oleaginosas');
INSERT INTO codigo (idcategoria, codigo, descripcion) VALUES (4, '0112','Cultivo de arroz');
INSERT INTO codigo (idcategoria, codigo, descripcion) VALUES (4, '0113','Cultivo de hortalizas, raíces y tubérculos');
INSERT INTO codigo (idcategoria, codigo, descripcion) VALUES (4, '0114','Cultivo de caña de azúcar');
INSERT INTO codigo (idcategoria, codigo, descripcion) VALUES (4, '0115','Cultivo de tabaco');
INSERT INTO codigo (idcategoria, codigo, descripcion) VALUES (4, '0116','Cultivo de plantas para fibras textiles');
INSERT INTO codigo (idcategoria, codigo, descripcion) VALUES (4, '0119','Otros cultivos no perennes');
INSERT INTO codigo (idcategoria, codigo, descripcion) VALUES (4, '012 ','Cultivos perennes');
INSERT INTO codigo (idcategoria, codigo, descripcion) VALUES (4, '0121','Cultivo de la vid');
INSERT INTO codigo (idcategoria, codigo, descripcion) VALUES (4, '0122','Cultivo de frutos tropicales y subtropicales');
INSERT INTO codigo (idcategoria, codigo, descripcion) VALUES (4, '0123','Cultivo de cítricos');
INSERT INTO codigo (idcategoria, codigo, descripcion) VALUES (4, '0124','Cultivo de frutos con hueso y pepitas');
INSERT INTO codigo (idcategoria, codigo, descripcion) VALUES (4, '0125','Cultivo de otros árboles y arbustos frutales y frutos secos');
INSERT INTO codigo (idcategoria, codigo, descripcion) VALUES (4, '0126','Cultivo de frutos oleaginosos');
INSERT INTO codigo (idcategoria, codigo, descripcion) VALUES (4, '0127','Cultivo de plantas para bebidas');
INSERT INTO codigo (idcategoria, codigo, descripcion) VALUES (4, '0128','Cultivo de especias, plantas aromáticas, medicinales y farmacéuticas');
INSERT INTO codigo (idcategoria, codigo, descripcion) VALUES (4, '0129','Otros cultivos perennes');
INSERT INTO codigo (idcategoria, codigo, descripcion) VALUES (4, '013 ','Propagación de plantas');
INSERT INTO codigo (idcategoria, codigo, descripcion) VALUES (4, '0130','Propagación de plantas');
INSERT INTO codigo (idcategoria, codigo, descripcion) VALUES (4, '014 ','Producción ganadera');
INSERT INTO codigo (idcategoria, codigo, descripcion) VALUES (4, '0141','Explotación de ganado bovino para la producción de leche');
INSERT INTO codigo (idcategoria, codigo, descripcion) VALUES (4, '0142','Explotación de otro ganado bovino y búfalos');
INSERT INTO codigo (idcategoria, codigo, descripcion) VALUES (4, '0143','Explotación de caballos y otros equinos');
INSERT INTO codigo (idcategoria, codigo, descripcion) VALUES (4, '0144','Explotación de camellos y otros camélidos');
INSERT INTO codigo (idcategoria, codigo, descripcion) VALUES (4, '0145','Explotación de ganado ovino y caprino');
INSERT INTO codigo (idcategoria, codigo, descripcion) VALUES (4, '0146','Explotación de ganado porcino');
INSERT INTO codigo (idcategoria, codigo, descripcion) VALUES (4, '0147','Avicultura');
INSERT INTO codigo (idcategoria, codigo, descripcion) VALUES (4, '0149','Otras explotaciones de ganado');
INSERT INTO codigo (idcategoria, codigo, descripcion) VALUES (4, '015 ','Producción agrícola combinada con la producción ganadera');
INSERT INTO codigo (idcategoria, codigo, descripcion) VALUES (4, '0150','Producción agrícola combinada con la producción ganadera');
INSERT INTO codigo (idcategoria, codigo, descripcion) VALUES (4, '016 ','Actividades de apoyo a la agricultura, a la ganadería y de preparación posterior a la cosecha');
INSERT INTO codigo (idcategoria, codigo, descripcion) VALUES (4, '0161','Actividades de apoyo a la agricultura');
INSERT INTO codigo (idcategoria, codigo, descripcion) VALUES (4, '0162','Actividades de apoyo a la ganadería');
INSERT INTO codigo (idcategoria, codigo, descripcion) VALUES (4, '0163','Actividades de preparación posterior a la cosecha');
INSERT INTO codigo (idcategoria, codigo, descripcion) VALUES (4, '0164','Tratamiento de semillas para reproducción');
INSERT INTO codigo (idcategoria, codigo, descripcion) VALUES (4, '017 ','Caza, captura de animales y servicios relacionados con las mismas');
INSERT INTO codigo (idcategoria, codigo, descripcion) VALUES (4, '0170','Caza, captura de animales y servicios relacionados con las mismas');
INSERT INTO codigo (idcategoria, codigo, descripcion) VALUES (4, '02  ','Silvicultura y explotación forestal');
INSERT INTO codigo (idcategoria, codigo, descripcion) VALUES (4, '021 ','Silvicultura y otras actividades forestales');
INSERT INTO codigo (idcategoria, codigo, descripcion) VALUES (4, '0210','Silvicultura y otras actividades forestales');
INSERT INTO codigo (idcategoria, codigo, descripcion) VALUES (4, '022 ','Explotación de la madera');
INSERT INTO codigo (idcategoria, codigo, descripcion) VALUES (4, '0220','Explotación de la madera');
INSERT INTO codigo (idcategoria, codigo, descripcion) VALUES (4, '023 ','Recolección de productos silvestres, excepto madera');
INSERT INTO codigo (idcategoria, codigo, descripcion) VALUES (4, '0230','Recolección de productos silvestres, excepto madera');
INSERT INTO codigo (idcategoria, codigo, descripcion) VALUES (4, '024 ','Servicios de apoyo a la silvicultura');
INSERT INTO codigo (idcategoria, codigo, descripcion) VALUES (4, '0240','Servicios de apoyo a la silvicultura');
INSERT INTO codigo (idcategoria, codigo, descripcion) VALUES (4, '03  ','Pesca y acuicultura');
INSERT INTO codigo (idcategoria, codigo, descripcion) VALUES (4, '031 ','Pesca');
INSERT INTO codigo (idcategoria, codigo, descripcion) VALUES (4, '0311','Pesca marina');
INSERT INTO codigo (idcategoria, codigo, descripcion) VALUES (4, '0312','Pesca en agua dulce');
INSERT INTO codigo (idcategoria, codigo, descripcion) VALUES (4, '032 ','Acuicultura');
INSERT INTO codigo (idcategoria, codigo, descripcion) VALUES (4, '0321','Acuicultura marina');
INSERT INTO codigo (idcategoria, codigo, descripcion) VALUES (4, '0322','Acuicultura en agua dulce');
INSERT INTO codigo (idcategoria, codigo, descripcion) VALUES (4, 'B   ','Industrias extractivas');
INSERT INTO codigo (idcategoria, codigo, descripcion) VALUES (4, '05  ','Extracción de antracita, hulla y lignito');
INSERT INTO codigo (idcategoria, codigo, descripcion) VALUES (4, '051 ','Extracción de antracita y hulla');
INSERT INTO codigo (idcategoria, codigo, descripcion) VALUES (4, '0510','Extracción de antracita y hulla');
INSERT INTO codigo (idcategoria, codigo, descripcion) VALUES (4, '052 ','Extracción de lignito');
INSERT INTO codigo (idcategoria, codigo, descripcion) VALUES (4, '0520','Extracción de lignito');
INSERT INTO codigo (idcategoria, codigo, descripcion) VALUES (4, '06  ','Extracción de crudo de petróleo y gas natural');
INSERT INTO codigo (idcategoria, codigo, descripcion) VALUES (4, '061 ','Extracción de crudo de petróleo');
INSERT INTO codigo (idcategoria, codigo, descripcion) VALUES (4, '0610','Extracción de crudo de petróleo');
INSERT INTO codigo (idcategoria, codigo, descripcion) VALUES (4, '062 ','Extracción de gas natural');
INSERT INTO codigo (idcategoria, codigo, descripcion) VALUES (4, '0620','Extracción de gas natural');
INSERT INTO codigo (idcategoria, codigo, descripcion) VALUES (4, '07  ','Extracción de minerales metálicos');
INSERT INTO codigo (idcategoria, codigo, descripcion) VALUES (4, '071 ','Extracción de minerales de hierro');
INSERT INTO codigo (idcategoria, codigo, descripcion) VALUES (4, '0710','Extracción de minerales de hierro');
INSERT INTO codigo (idcategoria, codigo, descripcion) VALUES (4, '072 ','Extracción de minerales metálicos no férreos');
INSERT INTO codigo (idcategoria, codigo, descripcion) VALUES (4, '0721','Extracción de minerales de uranio y torio');
INSERT INTO codigo (idcategoria, codigo, descripcion) VALUES (4, '0729','Extracción de otros minerales metálicos no férreos');
INSERT INTO codigo (idcategoria, codigo, descripcion) VALUES (4, '08  ','Otras industrias extractivas');
INSERT INTO codigo (idcategoria, codigo, descripcion) VALUES (4, '081 ','Extracción de piedra, arena y arcilla');
INSERT INTO codigo (idcategoria, codigo, descripcion) VALUES (4, '0811','Extracción de piedra ornamental y para la construcción, piedra caliza, yeso, creta y pizarra');
INSERT INTO codigo (idcategoria, codigo, descripcion) VALUES (4, '0812','Extracción de gravas y arenas. Extracción de arcilla y caolín');
INSERT INTO codigo (idcategoria, codigo, descripcion) VALUES (4, '089 ','Industrias extractivas n.c.o.p.');
INSERT INTO codigo (idcategoria, codigo, descripcion) VALUES (4, '0891','Extracción de minerales para productos químicos y fertilizantes');
INSERT INTO codigo (idcategoria, codigo, descripcion) VALUES (4, '0892','Extracción de turba');
INSERT INTO codigo (idcategoria, codigo, descripcion) VALUES (4, '0893','Extracción de sal');
INSERT INTO codigo (idcategoria, codigo, descripcion) VALUES (4, '0899','Otras industrias extractivas n.c.o.p.');
INSERT INTO codigo (idcategoria, codigo, descripcion) VALUES (4, '09  ','Actividades de apoyo a las industrias extractivas');
INSERT INTO codigo (idcategoria, codigo, descripcion) VALUES (4, '091 ','Actividades de apoyo a la extracción de petróleo y gas natural');
INSERT INTO codigo (idcategoria, codigo, descripcion) VALUES (4, '0910','Actividades de apoyo a la extracción de petróleo y gas natural');
INSERT INTO codigo (idcategoria, codigo, descripcion) VALUES (4, '099 ','Actividades de apoyo a otras industrias extractivas');
INSERT INTO codigo (idcategoria, codigo, descripcion) VALUES (4, '0990','Actividades de apoyo a otras industrias extractivas');
INSERT INTO codigo (idcategoria, codigo, descripcion) VALUES (4, 'C   ','Industria manufacturera');
INSERT INTO codigo (idcategoria, codigo, descripcion) VALUES (4, '10  ','Industria de la alimentación');
INSERT INTO codigo (idcategoria, codigo, descripcion) VALUES (4, '101 ','Procesado y conservación de carne y elaboración de productos cárnicos');
INSERT INTO codigo (idcategoria, codigo, descripcion) VALUES (4, '1011','Procesado y conservación de carne');
INSERT INTO codigo (idcategoria, codigo, descripcion) VALUES (4, '1012','Procesado y conservación de volatería');
INSERT INTO codigo (idcategoria, codigo, descripcion) VALUES (4, '1013','Elaboración de productos cárnicos y de volatería');
INSERT INTO codigo (idcategoria, codigo, descripcion) VALUES (4, '102 ','Procesado y conservación de pescados, crustáceos y moluscos');
INSERT INTO codigo (idcategoria, codigo, descripcion) VALUES (4, '1021','Procesado de pescados, crustáceos y moluscos');
INSERT INTO codigo (idcategoria, codigo, descripcion) VALUES (4, '1022','Fabricación de conservas de pescado');
INSERT INTO codigo (idcategoria, codigo, descripcion) VALUES (4, '103 ','Procesado y conservación de frutas y hortalizas');
INSERT INTO codigo (idcategoria, codigo, descripcion) VALUES (4, '1031','Procesado y conservación de patatas');
INSERT INTO codigo (idcategoria, codigo, descripcion) VALUES (4, '1032','Elaboración de zumos de frutas y hortalizas');
INSERT INTO codigo (idcategoria, codigo, descripcion) VALUES (4, '1039','Otro procesado y conservación de frutas y hortalizas');
INSERT INTO codigo (idcategoria, codigo, descripcion) VALUES (4, '104 ','Fabricación de aceites y grasas vegetales y animales');
INSERT INTO codigo (idcategoria, codigo, descripcion) VALUES (4, '1042','Fabricación de margarina y grasas comestibles similares');
INSERT INTO codigo (idcategoria, codigo, descripcion) VALUES (4, '1043','Fabricación de aceite de oliva');
INSERT INTO codigo (idcategoria, codigo, descripcion) VALUES (4, '1044','Fabricación de otros aceites y grasas');
INSERT INTO codigo (idcategoria, codigo, descripcion) VALUES (4, '105 ','Fabricación de productos lácteos');
INSERT INTO codigo (idcategoria, codigo, descripcion) VALUES (4, '1052','Elaboración de helados');
INSERT INTO codigo (idcategoria, codigo, descripcion) VALUES (4, '1053','Fabricación de quesos');
INSERT INTO codigo (idcategoria, codigo, descripcion) VALUES (4, '1054','Preparación de leche y otros productos lácteos');
INSERT INTO codigo (idcategoria, codigo, descripcion) VALUES (4, '106 ','Fabricación de productos de molinería, almidones y productos amiláceos');
INSERT INTO codigo (idcategoria, codigo, descripcion) VALUES (4, '1061','Fabricación de productos de molinería');
INSERT INTO codigo (idcategoria, codigo, descripcion) VALUES (4, '1062','Fabricación de almidones y productos amiláceos');
INSERT INTO codigo (idcategoria, codigo, descripcion) VALUES (4, '107 ','Fabricación de productos de panadería y pastas alimenticias');
INSERT INTO codigo (idcategoria, codigo, descripcion) VALUES (4, '1071','Fabricación de pan y de productos frescos de panadería y pastelería');
INSERT INTO codigo (idcategoria, codigo, descripcion) VALUES (4, '1072','Fabricación de galletas y productos de panadería y pastelería de larga duración');
INSERT INTO codigo (idcategoria, codigo, descripcion) VALUES (4, '1073','Fabricación de pastas alimenticias, cuscús y productos similares');
INSERT INTO codigo (idcategoria, codigo, descripcion) VALUES (4, '108 ','Fabricación de otros productos alimenticios');
INSERT INTO codigo (idcategoria, codigo, descripcion) VALUES (4, '1081','Fabricación de azúcar');
INSERT INTO codigo (idcategoria, codigo, descripcion) VALUES (4, '1082','Fabricación de cacao, chocolate y productos de confitería');
INSERT INTO codigo (idcategoria, codigo, descripcion) VALUES (4, '1083','Elaboración de café, té e infusiones');
INSERT INTO codigo (idcategoria, codigo, descripcion) VALUES (4, '1084','Elaboración de especias, salsas y condimentos');
INSERT INTO codigo (idcategoria, codigo, descripcion) VALUES (4, '1085','Elaboración de platos y comidas preparados');
INSERT INTO codigo (idcategoria, codigo, descripcion) VALUES (4, '1086','Elaboración de preparados alimenticios homogeneizados y alimentos dietéticos');
INSERT INTO codigo (idcategoria, codigo, descripcion) VALUES (4, '1089','Elaboración de otros productos alimenticios n.c.o.p.');
INSERT INTO codigo (idcategoria, codigo, descripcion) VALUES (4, '109 ','Fabricación de productos para la alimentación animal');
INSERT INTO codigo (idcategoria, codigo, descripcion) VALUES (4, '1091','Fabricación de productos para la alimentación de animales de granja');
INSERT INTO codigo (idcategoria, codigo, descripcion) VALUES (4, '1092','Fabricación de productos para la alimentación de animales de compańía');
INSERT INTO codigo (idcategoria, codigo, descripcion) VALUES (4, '11  ','Fabricación de bebidas');
INSERT INTO codigo (idcategoria, codigo, descripcion) VALUES (4, '110 ','Fabricación de bebidas');
INSERT INTO codigo (idcategoria, codigo, descripcion) VALUES (4, '1101','Destilación, rectificación y mezcla de bebidas alcohólicas');
INSERT INTO codigo (idcategoria, codigo, descripcion) VALUES (4, '1102','Elaboración de vinos');
INSERT INTO codigo (idcategoria, codigo, descripcion) VALUES (4, '1103','Elaboración de sidra y otras bebidas fermentadas a partir de frutas');
INSERT INTO codigo (idcategoria, codigo, descripcion) VALUES (4, '1104','Elaboración de otras bebidas no destiladas, procedentes de la fermentación');
INSERT INTO codigo (idcategoria, codigo, descripcion) VALUES (4, '1105','Fabricación de cerveza');
INSERT INTO codigo (idcategoria, codigo, descripcion) VALUES (4, '1106','Fabricación de malta');
INSERT INTO codigo (idcategoria, codigo, descripcion) VALUES (4, '1107','Fabricación de bebidas no alcohólicas. Producción de aguas minerales y otras aguas embotelladas');
INSERT INTO codigo (idcategoria, codigo, descripcion) VALUES (4, '12  ','Industria del tabaco');
INSERT INTO codigo (idcategoria, codigo, descripcion) VALUES (4, '120 ','Industria del tabaco');
INSERT INTO codigo (idcategoria, codigo, descripcion) VALUES (4, '1200','Industria del tabaco');
INSERT INTO codigo (idcategoria, codigo, descripcion) VALUES (4, '13  ','Industria textil');
INSERT INTO codigo (idcategoria, codigo, descripcion) VALUES (4, '131 ','Preparación e hilado de fibras textiles');
INSERT INTO codigo (idcategoria, codigo, descripcion) VALUES (4, '1310','Preparación e hilado de fibras textiles');
INSERT INTO codigo (idcategoria, codigo, descripcion) VALUES (4, '132 ','Fabricación de tejidos textiles');
INSERT INTO codigo (idcategoria, codigo, descripcion) VALUES (4, '1320','Fabricación de tejidos textiles');
INSERT INTO codigo (idcategoria, codigo, descripcion) VALUES (4, '133 ','Acabado de textiles');
INSERT INTO codigo (idcategoria, codigo, descripcion) VALUES (4, '1330','Acabado de textiles');
INSERT INTO codigo (idcategoria, codigo, descripcion) VALUES (4, '139 ','Fabricación de otros productos textiles');
INSERT INTO codigo (idcategoria, codigo, descripcion) VALUES (4, '1391','Fabricación de tejidos de punto');
INSERT INTO codigo (idcategoria, codigo, descripcion) VALUES (4, '1392','Fabricación de artículos confeccionados con textiles, excepto prendas de vestir');
INSERT INTO codigo (idcategoria, codigo, descripcion) VALUES (4, '1393','Fabricación de alfombras y moquetas');
INSERT INTO codigo (idcategoria, codigo, descripcion) VALUES (4, '1394','Fabricación de cuerdas, cordeles, bramantes y redes');
INSERT INTO codigo (idcategoria, codigo, descripcion) VALUES (4, '1395','Fabricación de telas no tejidas y artículos confeccionados con ellas, excepto prendas de vestir');
INSERT INTO codigo (idcategoria, codigo, descripcion) VALUES (4, '1396','Fabricación de otros productos textiles de uso técnico e industrial');
INSERT INTO codigo (idcategoria, codigo, descripcion) VALUES (4, '1399','Fabricación de otros productos textiles n.c.o.p.');
INSERT INTO codigo (idcategoria, codigo, descripcion) VALUES (4, '14  ','Confección de prendas de vestir');
INSERT INTO codigo (idcategoria, codigo, descripcion) VALUES (4, '141 ','Confección de prendas de vestir, excepto de peletería');
INSERT INTO codigo (idcategoria, codigo, descripcion) VALUES (4, '1411','Confección de prendas de vestir de cuero');
INSERT INTO codigo (idcategoria, codigo, descripcion) VALUES (4, '1412','Confección de ropa de trabajo');
INSERT INTO codigo (idcategoria, codigo, descripcion) VALUES (4, '1413','Confección de otras prendas de vestir exteriores');
INSERT INTO codigo (idcategoria, codigo, descripcion) VALUES (4, '1414','Confección de ropa interior');
INSERT INTO codigo (idcategoria, codigo, descripcion) VALUES (4, '1419','Confección de otras prendas de vestir y accesorios');
INSERT INTO codigo (idcategoria, codigo, descripcion) VALUES (4, '142 ','Fabricación de artículos de peletería');
INSERT INTO codigo (idcategoria, codigo, descripcion) VALUES (4, '1420','Fabricación de artículos de peletería');
INSERT INTO codigo (idcategoria, codigo, descripcion) VALUES (4, '143 ','Confección de prendas de vestir de punto');
INSERT INTO codigo (idcategoria, codigo, descripcion) VALUES (4, '1431','Confección de calcetería');
INSERT INTO codigo (idcategoria, codigo, descripcion) VALUES (4, '1439','Confección de otras prendas de vestir de punto');
INSERT INTO codigo (idcategoria, codigo, descripcion) VALUES (4, '15  ','Industria del cuero y del calzado');
INSERT INTO codigo (idcategoria, codigo, descripcion) VALUES (4, '151 ','Preparación, curtido y acabado del cuero. Fabricación de artículos de marroquinería, viaje y de guarnicionería y talabartería. Preparación y teńido de pieles');
INSERT INTO codigo (idcategoria, codigo, descripcion) VALUES (4, '1511','Preparación, curtido y acabado del cuero. Preparación y teńido de pieles');
INSERT INTO codigo (idcategoria, codigo, descripcion) VALUES (4, '1512','Fabricación de artículos de marroquinería, viaje y de guarnicionería y talabartería');
INSERT INTO codigo (idcategoria, codigo, descripcion) VALUES (4, '152 ','Fabricación de calzado');
INSERT INTO codigo (idcategoria, codigo, descripcion) VALUES (4, '1520','Fabricación de calzado');
INSERT INTO codigo (idcategoria, codigo, descripcion) VALUES (4, '16  ','Industria de la madera y del corcho, excepto muebles. Cestería y espartería');
INSERT INTO codigo (idcategoria, codigo, descripcion) VALUES (4, '161 ','Aserrado y cepillado de la madera');
INSERT INTO codigo (idcategoria, codigo, descripcion) VALUES (4, '1610','Aserrado y cepillado de la madera');
INSERT INTO codigo (idcategoria, codigo, descripcion) VALUES (4, '162 ','Fabricación de productos de madera, corcho, cestería y espartería');
INSERT INTO codigo (idcategoria, codigo, descripcion) VALUES (4, '1621','Fabricación de chapas y tableros de madera');
INSERT INTO codigo (idcategoria, codigo, descripcion) VALUES (4, '1622','Fabricación de suelos de madera ensamblados');
INSERT INTO codigo (idcategoria, codigo, descripcion) VALUES (4, '1623','Fabricación de otras estructuras de madera y piezas de carpintería y ebanistería para la construcción');
INSERT INTO codigo (idcategoria, codigo, descripcion) VALUES (4, '1624','Fabricación de envases y embalajes de madera');
INSERT INTO codigo (idcategoria, codigo, descripcion) VALUES (4, '1629','Fabricación de otros productos de madera. Artículos de corcho, cestería y espartería');
INSERT INTO codigo (idcategoria, codigo, descripcion) VALUES (4, '17  ','Industria del papel');
INSERT INTO codigo (idcategoria, codigo, descripcion) VALUES (4, '171 ','Fabricación de pasta papelera, papel y cartón');
INSERT INTO codigo (idcategoria, codigo, descripcion) VALUES (4, '1711','Fabricación de pasta papelera');
INSERT INTO codigo (idcategoria, codigo, descripcion) VALUES (4, '1712','Fabricación de papel y cartón');
INSERT INTO codigo (idcategoria, codigo, descripcion) VALUES (4, '172 ','Fabricación de artículos de papel y de cartón');
INSERT INTO codigo (idcategoria, codigo, descripcion) VALUES (4, '1721','Fabricación de papel y cartón ondulados. Fabricación de envases y embalajes de papel y cartón');
INSERT INTO codigo (idcategoria, codigo, descripcion) VALUES (4, '1722','Fabricación de artículos de papel y cartón para uso doméstico, sanitario e higiénico');
INSERT INTO codigo (idcategoria, codigo, descripcion) VALUES (4, '1723','Fabricación de artículos de papelería');
INSERT INTO codigo (idcategoria, codigo, descripcion) VALUES (4, '1724','Fabricación de papeles pintados');
INSERT INTO codigo (idcategoria, codigo, descripcion) VALUES (4, '1729','Fabricación de otros artículos de papel y cartón');
INSERT INTO codigo (idcategoria, codigo, descripcion) VALUES (4, '18  ','Artes gráficas y reproducción de soportes grabados');
INSERT INTO codigo (idcategoria, codigo, descripcion) VALUES (4, '181 ','Artes gráficas y servicios relacionados con las mismas');
INSERT INTO codigo (idcategoria, codigo, descripcion) VALUES (4, '1811','Artes gráficas y servicios relacionados con las mismas');
INSERT INTO codigo (idcategoria, codigo, descripcion) VALUES (4, '1812','Otras actividades de impresión y artes gráficas');
INSERT INTO codigo (idcategoria, codigo, descripcion) VALUES (4, '1813','Servicios de preimpresión y preparación de soportes');
INSERT INTO codigo (idcategoria, codigo, descripcion) VALUES (4, '1814','Encuadernación y servicios relacionados con la misma');
INSERT INTO codigo (idcategoria, codigo, descripcion) VALUES (4, '182 ','Reproducción de soportes grabados');
INSERT INTO codigo (idcategoria, codigo, descripcion) VALUES (4, '1820','Reproducción de soportes grabados');
INSERT INTO codigo (idcategoria, codigo, descripcion) VALUES (4, '19  ','Coquerías y refino de petróleo');
INSERT INTO codigo (idcategoria, codigo, descripcion) VALUES (4, '191 ','Coquerías');
INSERT INTO codigo (idcategoria, codigo, descripcion) VALUES (4, '1910','Coquerías');
INSERT INTO codigo (idcategoria, codigo, descripcion) VALUES (4, '192 ','Refino de petróleo');
INSERT INTO codigo (idcategoria, codigo, descripcion) VALUES (4, '1920','Refino de petróleo');
INSERT INTO codigo (idcategoria, codigo, descripcion) VALUES (4, '20  ','Industria química');
INSERT INTO codigo (idcategoria, codigo, descripcion) VALUES (4, '201 ','Fabricación de productos químicos básicos, compuestos nitrogenados, fertilizantes, plásticos y caucho sintético en formas primarias');
INSERT INTO codigo (idcategoria, codigo, descripcion) VALUES (4, '2011','Fabricación de gases industriales');
INSERT INTO codigo (idcategoria, codigo, descripcion) VALUES (4, '2012','Fabricación de colorantes y pigmentos');
INSERT INTO codigo (idcategoria, codigo, descripcion) VALUES (4, '2013','Fabricación de otros productos básicos de química inorgánica');
INSERT INTO codigo (idcategoria, codigo, descripcion) VALUES (4, '2014','Fabricación de otros productos básicos de química orgánica');
INSERT INTO codigo (idcategoria, codigo, descripcion) VALUES (4, '2015','Fabricación de fertilizantes y compuestos nitrogenados');
INSERT INTO codigo (idcategoria, codigo, descripcion) VALUES (4, '2016','Fabricación de plásticos en formas primarias');
INSERT INTO codigo (idcategoria, codigo, descripcion) VALUES (4, '2017','Fabricación de caucho sintético en formas primarias');
INSERT INTO codigo (idcategoria, codigo, descripcion) VALUES (4, '202 ','Fabricación de pesticidas y otros productos agroquímicos');
INSERT INTO codigo (idcategoria, codigo, descripcion) VALUES (4, '2020','Fabricación de pesticidas y otros productos agroquímicos');
INSERT INTO codigo (idcategoria, codigo, descripcion) VALUES (4, '203 ','Fabricación de pinturas, barnices y revestimientos similares. Tintas de imprenta y masillas');
INSERT INTO codigo (idcategoria, codigo, descripcion) VALUES (4, '2030','Fabricación de pinturas, barnices y revestimientos similares. Tintas de imprenta y masillas');
INSERT INTO codigo (idcategoria, codigo, descripcion) VALUES (4, '204 ','Fabricación de jabones, detergentes y otros artículos de limpieza y abrillantamiento. Fabricación de perfumes y cosméticos');
INSERT INTO codigo (idcategoria, codigo, descripcion) VALUES (4, '2041','Fabricación de jabones, detergentes y otros artículos de limpieza y abrillantamiento');
INSERT INTO codigo (idcategoria, codigo, descripcion) VALUES (4, '2042','Fabricación de perfumes y cosméticos');
INSERT INTO codigo (idcategoria, codigo, descripcion) VALUES (4, '205 ','Fabricación de otros productos químicos');
INSERT INTO codigo (idcategoria, codigo, descripcion) VALUES (4, '2051','Fabricación de explosivos');
INSERT INTO codigo (idcategoria, codigo, descripcion) VALUES (4, '2052','Fabricación de colas');
INSERT INTO codigo (idcategoria, codigo, descripcion) VALUES (4, '2053','Fabricación de aceites esenciales');
INSERT INTO codigo (idcategoria, codigo, descripcion) VALUES (4, '2059','Fabricación de otros productos químicos n.c.o.p.');
INSERT INTO codigo (idcategoria, codigo, descripcion) VALUES (4, '206 ','Fabricación de fibras artificiales y sintéticas');
INSERT INTO codigo (idcategoria, codigo, descripcion) VALUES (4, '2060','Fabricación de fibras artificiales y sintéticas');
INSERT INTO codigo (idcategoria, codigo, descripcion) VALUES (4, '21  ','Fabricación de productos farmacéuticos');
INSERT INTO codigo (idcategoria, codigo, descripcion) VALUES (4, '211 ','Fabricación de productos farmacéuticos de base');
INSERT INTO codigo (idcategoria, codigo, descripcion) VALUES (4, '2110','Fabricación de productos farmacéuticos de base');
INSERT INTO codigo (idcategoria, codigo, descripcion) VALUES (4, '212 ','Fabricación de especialidades farmacéuticas');
INSERT INTO codigo (idcategoria, codigo, descripcion) VALUES (4, '2120','Fabricación de especialidades farmacéuticas');
INSERT INTO codigo (idcategoria, codigo, descripcion) VALUES (4, '22  ','Fabricación de productos de caucho y plásticos');
INSERT INTO codigo (idcategoria, codigo, descripcion) VALUES (4, '221 ','Fabricación de productos de caucho');
INSERT INTO codigo (idcategoria, codigo, descripcion) VALUES (4, '2211','Fabricación de neumáticos y cámaras de caucho. Reconstrucción y recauchutado de neumáticos');
INSERT INTO codigo (idcategoria, codigo, descripcion) VALUES (4, '2219','Fabricación de otros productos de caucho');
INSERT INTO codigo (idcategoria, codigo, descripcion) VALUES (4, '222 ','Fabricación de productos de plástico');
INSERT INTO codigo (idcategoria, codigo, descripcion) VALUES (4, '2221','Fabricación de placas, hojas, tubos y perfiles de plástico');
INSERT INTO codigo (idcategoria, codigo, descripcion) VALUES (4, '2222','Fabricación de envases y embalajes de plástico');
INSERT INTO codigo (idcategoria, codigo, descripcion) VALUES (4, '2223','Fabricación de productos de plástico para la construcción');
INSERT INTO codigo (idcategoria, codigo, descripcion) VALUES (4, '2229','Fabricación de otros productos de plástico');
INSERT INTO codigo (idcategoria, codigo, descripcion) VALUES (4, '23  ','Fabricación de otros productos minerales no metálicos');
INSERT INTO codigo (idcategoria, codigo, descripcion) VALUES (4, '231 ','Fabricación de vidrio y productos de vidrio');
INSERT INTO codigo (idcategoria, codigo, descripcion) VALUES (4, '2311','Fabricación de vidrio plano');
INSERT INTO codigo (idcategoria, codigo, descripcion) VALUES (4, '2312','Manipulado y transformación de vidrio plano');
INSERT INTO codigo (idcategoria, codigo, descripcion) VALUES (4, '2313','Fabricación de vidrio hueco');
INSERT INTO codigo (idcategoria, codigo, descripcion) VALUES (4, '2314','Fabricación de fibra de vidrio');
INSERT INTO codigo (idcategoria, codigo, descripcion) VALUES (4, '2319','Fabricación y manipulado de otro vidrio, incluido el vidrio técnico');
INSERT INTO codigo (idcategoria, codigo, descripcion) VALUES (4, '232 ','Fabricación de productos cerámicos refractarios');
INSERT INTO codigo (idcategoria, codigo, descripcion) VALUES (4, '2320','Fabricación de productos cerámicos refractarios');
INSERT INTO codigo (idcategoria, codigo, descripcion) VALUES (4, '233 ','Fabricación de productos cerámicos para la construcción');
INSERT INTO codigo (idcategoria, codigo, descripcion) VALUES (4, '2331','Fabricación de azulejos y baldosas de cerámica');
INSERT INTO codigo (idcategoria, codigo, descripcion) VALUES (4, '2332','Fabricación de ladrillos, tejas y productos de tierras cocidas para la construcción');
INSERT INTO codigo (idcategoria, codigo, descripcion) VALUES (4, '234 ','Fabricación de otros productos cerámicos');
INSERT INTO codigo (idcategoria, codigo, descripcion) VALUES (4, '2341','Fabricación de artículos cerámicos de uso doméstico y ornamental');
INSERT INTO codigo (idcategoria, codigo, descripcion) VALUES (4, '2342','Fabricación de aparatos sanitarios cerámicos');
INSERT INTO codigo (idcategoria, codigo, descripcion) VALUES (4, '2343','Fabricación de aisladores y piezas aislantes de material cerámico');
INSERT INTO codigo (idcategoria, codigo, descripcion) VALUES (4, '2344','Fabricación de otros productos cerámicos de uso técnico');
INSERT INTO codigo (idcategoria, codigo, descripcion) VALUES (4, '2349','Fabricación de otros productos cerámicos');
INSERT INTO codigo (idcategoria, codigo, descripcion) VALUES (4, '235 ','Fabricación de cemento, cal y yeso');
INSERT INTO codigo (idcategoria, codigo, descripcion) VALUES (4, '2351','Fabricación de cemento');
INSERT INTO codigo (idcategoria, codigo, descripcion) VALUES (4, '2352','Fabricación de cal y yeso');
INSERT INTO codigo (idcategoria, codigo, descripcion) VALUES (4, '236 ','Fabricación de elementos de hormigón, cemento y yeso');
INSERT INTO codigo (idcategoria, codigo, descripcion) VALUES (4, '2361','Fabricación de elementos de hormigón para la construcción');
INSERT INTO codigo (idcategoria, codigo, descripcion) VALUES (4, '2362','Fabricación de elementos de yeso para la construcción');
INSERT INTO codigo (idcategoria, codigo, descripcion) VALUES (4, '2363','Fabricación de hormigón fresco');
INSERT INTO codigo (idcategoria, codigo, descripcion) VALUES (4, '2364','Fabricación de mortero');
INSERT INTO codigo (idcategoria, codigo, descripcion) VALUES (4, '2365','Fabricación de fibrocemento');
INSERT INTO codigo (idcategoria, codigo, descripcion) VALUES (4, '2369','Fabricación de otros productos de hormigón, yeso y cemento');
INSERT INTO codigo (idcategoria, codigo, descripcion) VALUES (4, '237 ','Corte, tallado y acabado de la piedra');
INSERT INTO codigo (idcategoria, codigo, descripcion) VALUES (4, '2370','Corte, tallado y acabado de la piedra');
INSERT INTO codigo (idcategoria, codigo, descripcion) VALUES (4, '239 ','Fabricación de productos abrasivos y productos minerales no metálicos n.c.o.p.');
INSERT INTO codigo (idcategoria, codigo, descripcion) VALUES (4, '2391','Fabricación de productos abrasivos');
INSERT INTO codigo (idcategoria, codigo, descripcion) VALUES (4, '2399','Fabricación de otros productos minerales no metálicos n.c.o.p.');
INSERT INTO codigo (idcategoria, codigo, descripcion) VALUES (4, '24  ','Metalurgia. Fabricación de productos de hierro, acero y ferroaleaciones');
INSERT INTO codigo (idcategoria, codigo, descripcion) VALUES (4, '241 ','Fabricación de productos básicos de hierro, acero y ferroaleaciones');
INSERT INTO codigo (idcategoria, codigo, descripcion) VALUES (4, '2410','Fabricación de productos básicos de hierro, acero y ferroaleaciones');
INSERT INTO codigo (idcategoria, codigo, descripcion) VALUES (4, '242 ','Fabricación de tubos, tuberías, perfiles huecos y sus accesorios, de acero');
INSERT INTO codigo (idcategoria, codigo, descripcion) VALUES (4, '2420','Fabricación de tubos, tuberías, perfiles huecos y sus accesorios, de acero');
INSERT INTO codigo (idcategoria, codigo, descripcion) VALUES (4, '243 ','Fabricación de otros productos de primera transformación del acero');
INSERT INTO codigo (idcategoria, codigo, descripcion) VALUES (4, '2431','Estirado en frío');
INSERT INTO codigo (idcategoria, codigo, descripcion) VALUES (4, '2432','Laminación en frío');
INSERT INTO codigo (idcategoria, codigo, descripcion) VALUES (4, '2433','Producción de perfiles en frío por conformación con plegado');
INSERT INTO codigo (idcategoria, codigo, descripcion) VALUES (4, '2434','Trefilado en frío');
INSERT INTO codigo (idcategoria, codigo, descripcion) VALUES (4, '244 ','Producción de metales preciosos y de otros metales no férreos');
INSERT INTO codigo (idcategoria, codigo, descripcion) VALUES (4, '2441','Producción de metales preciosos');
INSERT INTO codigo (idcategoria, codigo, descripcion) VALUES (4, '2442','Producción de aluminio');
INSERT INTO codigo (idcategoria, codigo, descripcion) VALUES (4, '2443','Producción de plomo, zinc y estańo');
INSERT INTO codigo (idcategoria, codigo, descripcion) VALUES (4, '2444','Producción de cobre');
INSERT INTO codigo (idcategoria, codigo, descripcion) VALUES (4, '2445','Producción de otros metales no férreos');
INSERT INTO codigo (idcategoria, codigo, descripcion) VALUES (4, '2446','Procesamiento de combustibles nucleares');
INSERT INTO codigo (idcategoria, codigo, descripcion) VALUES (4, '245 ','Fundición de metales');
INSERT INTO codigo (idcategoria, codigo, descripcion) VALUES (4, '2451','Fundición de hierro');
INSERT INTO codigo (idcategoria, codigo, descripcion) VALUES (4, '2452','Fundición de acero');
INSERT INTO codigo (idcategoria, codigo, descripcion) VALUES (4, '2453','Fundición de metales ligeros');
INSERT INTO codigo (idcategoria, codigo, descripcion) VALUES (4, '2454','Fundición de otros metales no férreos');
INSERT INTO codigo (idcategoria, codigo, descripcion) VALUES (4, '25  ','Fabricación de productos metálicos, excepto maquinaria y equipo');
INSERT INTO codigo (idcategoria, codigo, descripcion) VALUES (4, '251 ','Fabricación de elementos metálicos para la construcción');
INSERT INTO codigo (idcategoria, codigo, descripcion) VALUES (4, '2511','Fabricación de estructuras metálicas y sus componentes');
INSERT INTO codigo (idcategoria, codigo, descripcion) VALUES (4, '2512','Fabricación de carpintería metálica');
INSERT INTO codigo (idcategoria, codigo, descripcion) VALUES (4, '252 ','Fabricación de cisternas, grandes depósitos y contenedores de metal');
INSERT INTO codigo (idcategoria, codigo, descripcion) VALUES (4, '2521','Fabricación de radiadores y calderas para calefacción central');
INSERT INTO codigo (idcategoria, codigo, descripcion) VALUES (4, '2529','Fabricación de otras cisternas, grandes depósitos y contenedores de metal');
INSERT INTO codigo (idcategoria, codigo, descripcion) VALUES (4, '253 ','Fabricación de generadores de vapor, excepto calderas de calefacción central');
INSERT INTO codigo (idcategoria, codigo, descripcion) VALUES (4, '2530','Fabricación de generadores de vapor, excepto calderas de calefacción central');
INSERT INTO codigo (idcategoria, codigo, descripcion) VALUES (4, '254 ','Fabricación de armas y municiones');
INSERT INTO codigo (idcategoria, codigo, descripcion) VALUES (4, '2540','Fabricación de armas y municiones');
INSERT INTO codigo (idcategoria, codigo, descripcion) VALUES (4, '255 ','Forja, estampación y embutición de metales. Metalurgia de polvos');
INSERT INTO codigo (idcategoria, codigo, descripcion) VALUES (4, '2550','Forja, estampación y embutición de metales. Metalurgia de polvos');
INSERT INTO codigo (idcategoria, codigo, descripcion) VALUES (4, '256 ','Tratamiento y revestimiento de metales. Ingeniería mecánica por cuenta de terceros');
INSERT INTO codigo (idcategoria, codigo, descripcion) VALUES (4, '2561','Tratamiento y revestimiento de metales');
INSERT INTO codigo (idcategoria, codigo, descripcion) VALUES (4, '2562','Ingeniería mecánica por cuenta de terceros');
INSERT INTO codigo (idcategoria, codigo, descripcion) VALUES (4, '257 ','Fabricación de artículos de cuchillería y cubertería, herramientas y ferretería');
INSERT INTO codigo (idcategoria, codigo, descripcion) VALUES (4, '2571','Fabricación de artículos de cuchillería y cubertería');
INSERT INTO codigo (idcategoria, codigo, descripcion) VALUES (4, '2572','Fabricación de cerraduras y herrajes');
INSERT INTO codigo (idcategoria, codigo, descripcion) VALUES (4, '2573','Fabricación de herramientas');
INSERT INTO codigo (idcategoria, codigo, descripcion) VALUES (4, '259 ','Fabricación de otros productos metálicos');
INSERT INTO codigo (idcategoria, codigo, descripcion) VALUES (4, '2591','Fabricación de bidones y toneles de hierro o acero');
INSERT INTO codigo (idcategoria, codigo, descripcion) VALUES (4, '2592','Fabricación de envases y embalajes metálicos ligeros');
INSERT INTO codigo (idcategoria, codigo, descripcion) VALUES (4, '2593','Fabricación de productos de alambre, cadenas y muelles');
INSERT INTO codigo (idcategoria, codigo, descripcion) VALUES (4, '2594','Fabricación de pernos y productos de tornillería');
INSERT INTO codigo (idcategoria, codigo, descripcion) VALUES (4, '2599','Fabricación de otros productos metálicos n.c.o.p.');
INSERT INTO codigo (idcategoria, codigo, descripcion) VALUES (4, '26  ','Fabricación de productos informáticos, electrónicos y ópticos');
INSERT INTO codigo (idcategoria, codigo, descripcion) VALUES (4, '261 ','Fabricación de componentes electrónicos y circuitos impresos ensamblados');
INSERT INTO codigo (idcategoria, codigo, descripcion) VALUES (4, '2611','Fabricación de componentes electrónicos');
INSERT INTO codigo (idcategoria, codigo, descripcion) VALUES (4, '2612','Fabricación de circuitos impresos ensamblados');
INSERT INTO codigo (idcategoria, codigo, descripcion) VALUES (4, '262 ','Fabricación de ordenadores y equipos periféricos');
INSERT INTO codigo (idcategoria, codigo, descripcion) VALUES (4, '2620','Fabricación de ordenadores y equipos periféricos');
INSERT INTO codigo (idcategoria, codigo, descripcion) VALUES (4, '263 ','Fabricación de equipos de telecomunicaciones');
INSERT INTO codigo (idcategoria, codigo, descripcion) VALUES (4, '2630','Fabricación de equipos de telecomunicaciones');
INSERT INTO codigo (idcategoria, codigo, descripcion) VALUES (4, '264 ','Fabricación de productos electrónicos de consumo');
INSERT INTO codigo (idcategoria, codigo, descripcion) VALUES (4, '2640','Fabricación de productos electrónicos de consumo');
INSERT INTO codigo (idcategoria, codigo, descripcion) VALUES (4, '265 ','Fabricación de instrumentos y aparatos de medida, verificación y navegación. Fabricación de relojes');
INSERT INTO codigo (idcategoria, codigo, descripcion) VALUES (4, '2651','Fabricación de instrumentos y aparatos de medida, verificación y navegación');
INSERT INTO codigo (idcategoria, codigo, descripcion) VALUES (4, '2652','Fabricación de relojes');
INSERT INTO codigo (idcategoria, codigo, descripcion) VALUES (4, '266 ','Fabricación de equipos de radiación, electromédicos y electroterapéuticos');
INSERT INTO codigo (idcategoria, codigo, descripcion) VALUES (4, '2660','Fabricación de equipos de radiación, electromédicos y electroterapéuticos');
INSERT INTO codigo (idcategoria, codigo, descripcion) VALUES (4, '267 ','Fabricación de instrumentos de óptica y equipo fotográfico');
INSERT INTO codigo (idcategoria, codigo, descripcion) VALUES (4, '2670','Fabricación de instrumentos de óptica y equipo fotográfico');
INSERT INTO codigo (idcategoria, codigo, descripcion) VALUES (4, '268 ','Fabricación de soportes magnéticos y ópticos');
INSERT INTO codigo (idcategoria, codigo, descripcion) VALUES (4, '2680','Fabricación de soportes magnéticos y ópticos');
INSERT INTO codigo (idcategoria, codigo, descripcion) VALUES (4, '27  ','Fabricación de material y equipo eléctrico');
INSERT INTO codigo (idcategoria, codigo, descripcion) VALUES (4, '271 ','Fabricación de motores, generadores y transformadores eléctricos, y de aparatos de distribución y control eléctrico');
INSERT INTO codigo (idcategoria, codigo, descripcion) VALUES (4, '2711','Fabricación de motores, generadores y transformadores eléctricos');
INSERT INTO codigo (idcategoria, codigo, descripcion) VALUES (4, '2712','Fabricación de aparatos de distribución y control eléctrico');
INSERT INTO codigo (idcategoria, codigo, descripcion) VALUES (4, '272 ','Fabricación de pilas y acumuladores eléctricos');
INSERT INTO codigo (idcategoria, codigo, descripcion) VALUES (4, '2720','Fabricación de pilas y acumuladores eléctricos');
INSERT INTO codigo (idcategoria, codigo, descripcion) VALUES (4, '273 ','Fabricación de cables y dispositivos de cableado');
INSERT INTO codigo (idcategoria, codigo, descripcion) VALUES (4, '2731','Fabricación de cables de fibra óptica');
INSERT INTO codigo (idcategoria, codigo, descripcion) VALUES (4, '2732','Fabricación de otros hilos y cables electrónicos y eléctricos');
INSERT INTO codigo (idcategoria, codigo, descripcion) VALUES (4, '2733','Fabricación de dispositivos de cableado');
INSERT INTO codigo (idcategoria, codigo, descripcion) VALUES (4, '274 ','Fabricación de lámparas y aparatos eléctricos de iluminación');
INSERT INTO codigo (idcategoria, codigo, descripcion) VALUES (4, '2740','Fabricación de lámparas y aparatos eléctricos de iluminación');
INSERT INTO codigo (idcategoria, codigo, descripcion) VALUES (4, '275 ','Fabricación de aparatos domésticos');
INSERT INTO codigo (idcategoria, codigo, descripcion) VALUES (4, '2751','Fabricación de electrodomésticos');
INSERT INTO codigo (idcategoria, codigo, descripcion) VALUES (4, '2752','Fabricación de aparatos domésticos no eléctricos');
INSERT INTO codigo (idcategoria, codigo, descripcion) VALUES (4, '279 ','Fabricación de otro material y equipo eléctrico');
INSERT INTO codigo (idcategoria, codigo, descripcion) VALUES (4, '2790','Fabricación de otro material y equipo eléctrico');
INSERT INTO codigo (idcategoria, codigo, descripcion) VALUES (4, '28  ','Fabricación de maquinaria y equipo n.c.o.p.');
INSERT INTO codigo (idcategoria, codigo, descripcion) VALUES (4, '281 ','Fabricación de maquinaria de uso general');
INSERT INTO codigo (idcategoria, codigo, descripcion) VALUES (4, '2811','Fabricación de motores y turbinas, excepto los destinados a aeronaves, vehículos automóviles y ciclomotores');
INSERT INTO codigo (idcategoria, codigo, descripcion) VALUES (4, '2812','Fabricación de equipos de transmisión hidráulica y neumática');
INSERT INTO codigo (idcategoria, codigo, descripcion) VALUES (4, '2813','Fabricación de otras bombas y compresores');
INSERT INTO codigo (idcategoria, codigo, descripcion) VALUES (4, '2814','Fabricación de otra grifería y válvulas');
INSERT INTO codigo (idcategoria, codigo, descripcion) VALUES (4, '2815','Fabricación de cojinetes, engranajes y órganos mecánicos de transmisión');
INSERT INTO codigo (idcategoria, codigo, descripcion) VALUES (4, '282 ','Fabricación de otra maquinaria de uso general');
INSERT INTO codigo (idcategoria, codigo, descripcion) VALUES (4, '2821','Fabricación de hornos y quemadores');
INSERT INTO codigo (idcategoria, codigo, descripcion) VALUES (4, '2822','Fabricación de maquinaria de elevación y manipulación');
INSERT INTO codigo (idcategoria, codigo, descripcion) VALUES (4, '2823','Fabricación de máquinas y equipos de oficina, excepto equipos informáticos');
INSERT INTO codigo (idcategoria, codigo, descripcion) VALUES (4, '2824','Fabricación de herramientas eléctricas manuales');
INSERT INTO codigo (idcategoria, codigo, descripcion) VALUES (4, '2825','Fabricación de maquinaria de ventilación y refrigeración no doméstica');
INSERT INTO codigo (idcategoria, codigo, descripcion) VALUES (4, '2829','Fabricación de otra maquinaria de uso general n.c.o.p.');
INSERT INTO codigo (idcategoria, codigo, descripcion) VALUES (4, '283 ','Fabricación de maquinaria agraria y forestal');
INSERT INTO codigo (idcategoria, codigo, descripcion) VALUES (4, '2830','Fabricación de maquinaria agraria y forestal');
INSERT INTO codigo (idcategoria, codigo, descripcion) VALUES (4, '284 ','Fabricación de máquinas herramienta para trabajar el metal y otras máquinas herramienta');
INSERT INTO codigo (idcategoria, codigo, descripcion) VALUES (4, '2841','Fabricación de máquinas herramienta para trabajar el metal');
INSERT INTO codigo (idcategoria, codigo, descripcion) VALUES (4, '2849','Fabricación de otras máquinas herramienta');
INSERT INTO codigo (idcategoria, codigo, descripcion) VALUES (4, '289 ','Fabricación de otra maquinaria para usos específicos');
INSERT INTO codigo (idcategoria, codigo, descripcion) VALUES (4, '2891','Fabricación de maquinaria para la industria metalúrgica');
INSERT INTO codigo (idcategoria, codigo, descripcion) VALUES (4, '2892','Fabricación de maquinaria para las industrias extractivas y de la construcción');
INSERT INTO codigo (idcategoria, codigo, descripcion) VALUES (4, '2893','Fabricación de maquinaria para la industria de la alimentación, bebidas y tabaco');
INSERT INTO codigo (idcategoria, codigo, descripcion) VALUES (4, '2894','Fabricación de maquinaria para las industrias textil, de la confección y del cuero');
INSERT INTO codigo (idcategoria, codigo, descripcion) VALUES (4, '2895','Fabricación de maquinaria para la industria del papel y del cartón');
INSERT INTO codigo (idcategoria, codigo, descripcion) VALUES (4, '2896','Fabricación de maquinaria para la industria del plástico y el caucho');
INSERT INTO codigo (idcategoria, codigo, descripcion) VALUES (4, '2899','Fabricación de otra maquinaria para usos específicos n.c.o.p.');
INSERT INTO codigo (idcategoria, codigo, descripcion) VALUES (4, '29  ','Fabricación de vehículos de motor, remolques y semirremolques');
INSERT INTO codigo (idcategoria, codigo, descripcion) VALUES (4, '291 ','Fabricación de vehículos de motor');
INSERT INTO codigo (idcategoria, codigo, descripcion) VALUES (4, '2910','Fabricación de vehículos de motor');
INSERT INTO codigo (idcategoria, codigo, descripcion) VALUES (4, '292 ','Fabricación de carrocerías para vehículos de motor. Fabricación de remolques y semirremolques');
INSERT INTO codigo (idcategoria, codigo, descripcion) VALUES (4, '2920','Fabricación de carrocerías para vehículos de motor. Fabricación de remolques y semirremolques');
INSERT INTO codigo (idcategoria, codigo, descripcion) VALUES (4, '293 ','Fabricación de componentes, piezas y accesorios para vehículos de motor');
INSERT INTO codigo (idcategoria, codigo, descripcion) VALUES (4, '2931','Fabricación de equipos eléctricos y electrónicos para vehículos de motor');
INSERT INTO codigo (idcategoria, codigo, descripcion) VALUES (4, '2932','Fabricación de otros componentes, piezas y accesorios para vehículos de motor');
INSERT INTO codigo (idcategoria, codigo, descripcion) VALUES (4, '30  ','Fabricación de otro material de transporte');
INSERT INTO codigo (idcategoria, codigo, descripcion) VALUES (4, '301 ','Construcción naval');
INSERT INTO codigo (idcategoria, codigo, descripcion) VALUES (4, '3011','Construcción de barcos y estructuras flotantes');
INSERT INTO codigo (idcategoria, codigo, descripcion) VALUES (4, '3012','Construcción de embarcaciones de recreo y deporte');
INSERT INTO codigo (idcategoria, codigo, descripcion) VALUES (4, '302 ','Fabricación de locomotoras y material ferroviario');
INSERT INTO codigo (idcategoria, codigo, descripcion) VALUES (4, '3020','Fabricación de locomotoras y material ferroviario');
INSERT INTO codigo (idcategoria, codigo, descripcion) VALUES (4, '303 ','Construcción aeronáutica y espacial y su maquinaria');
INSERT INTO codigo (idcategoria, codigo, descripcion) VALUES (4, '3030','Construcción aeronáutica y espacial y su maquinaria');
INSERT INTO codigo (idcategoria, codigo, descripcion) VALUES (4, '304 ','Fabricación de vehículos militares de combate');
INSERT INTO codigo (idcategoria, codigo, descripcion) VALUES (4, '3040','Fabricación de vehículos militares de combate');
INSERT INTO codigo (idcategoria, codigo, descripcion) VALUES (4, '309 ','Fabricación de otro material de transporte n.c.o.p.');
INSERT INTO codigo (idcategoria, codigo, descripcion) VALUES (4, '3091','Fabricación de motocicletas');
INSERT INTO codigo (idcategoria, codigo, descripcion) VALUES (4, '3092','Fabricación de bicicletas y de vehículos para personas con discapacidad');
INSERT INTO codigo (idcategoria, codigo, descripcion) VALUES (4, '3099','Fabricación de otro material de transporte n.c.o.p.');
INSERT INTO codigo (idcategoria, codigo, descripcion) VALUES (4, '31  ','Fabricación de muebles');
INSERT INTO codigo (idcategoria, codigo, descripcion) VALUES (4, '310 ','Fabricación de muebles');
INSERT INTO codigo (idcategoria, codigo, descripcion) VALUES (4, '3101','Fabricación de muebles de oficina y de establecimientos comerciales');
INSERT INTO codigo (idcategoria, codigo, descripcion) VALUES (4, '3102','Fabricación de muebles de cocina');
INSERT INTO codigo (idcategoria, codigo, descripcion) VALUES (4, '3103','Fabricación de colchones');
INSERT INTO codigo (idcategoria, codigo, descripcion) VALUES (4, '3109','Fabricación de otros muebles');
INSERT INTO codigo (idcategoria, codigo, descripcion) VALUES (4, '32  ','Otras industrias manufactureras');
INSERT INTO codigo (idcategoria, codigo, descripcion) VALUES (4, '321 ','Fabricación de artículos de joyería, bisutería y similares');
INSERT INTO codigo (idcategoria, codigo, descripcion) VALUES (4, '3211','Fabricación de monedas');
INSERT INTO codigo (idcategoria, codigo, descripcion) VALUES (4, '3212','Fabricación de artículos de joyería y artículos similares');
INSERT INTO codigo (idcategoria, codigo, descripcion) VALUES (4, '3213','Fabricación de artículos de bisutería y artículos similares');
INSERT INTO codigo (idcategoria, codigo, descripcion) VALUES (4, '322 ','Fabricación de instrumentos musicales');
INSERT INTO codigo (idcategoria, codigo, descripcion) VALUES (4, '3220','Fabricación de instrumentos musicales');
INSERT INTO codigo (idcategoria, codigo, descripcion) VALUES (4, '323 ','Fabricación de artículos de deporte');
INSERT INTO codigo (idcategoria, codigo, descripcion) VALUES (4, '3230','Fabricación de artículos de deporte');
INSERT INTO codigo (idcategoria, codigo, descripcion) VALUES (4, '324 ','Fabricación de juegos y juguetes');
INSERT INTO codigo (idcategoria, codigo, descripcion) VALUES (4, '3240','Fabricación de juegos y juguetes');
INSERT INTO codigo (idcategoria, codigo, descripcion) VALUES (4, '325 ','Fabricación de instrumentos y suministros médicos y odontológicos');
INSERT INTO codigo (idcategoria, codigo, descripcion) VALUES (4, '3250','Fabricación de instrumentos y suministros médicos y odontológicos');
INSERT INTO codigo (idcategoria, codigo, descripcion) VALUES (4, '329 ','Industrias manufactureras n.c.o.p.');
INSERT INTO codigo (idcategoria, codigo, descripcion) VALUES (4, '3291','Fabricación de escobas, brochas y cepillos');
INSERT INTO codigo (idcategoria, codigo, descripcion) VALUES (4, '3299','Otras industrias manufactureras n.c.o.p.');
INSERT INTO codigo (idcategoria, codigo, descripcion) VALUES (4, '33  ','Reparación e instalación de maquinaria y equipo');
INSERT INTO codigo (idcategoria, codigo, descripcion) VALUES (4, '331 ','Reparación de productos metálicos, maquinaria y equipo');
INSERT INTO codigo (idcategoria, codigo, descripcion) VALUES (4, '3311','Reparación de productos metálicos');
INSERT INTO codigo (idcategoria, codigo, descripcion) VALUES (4, '3312','Reparación de maquinaria');
INSERT INTO codigo (idcategoria, codigo, descripcion) VALUES (4, '3313','Reparación de equipos electrónicos y ópticos');
INSERT INTO codigo (idcategoria, codigo, descripcion) VALUES (4, '3314','Reparación de equipos eléctricos');
INSERT INTO codigo (idcategoria, codigo, descripcion) VALUES (4, '3315','Reparación y mantenimiento naval');
INSERT INTO codigo (idcategoria, codigo, descripcion) VALUES (4, '3316','Reparación y mantenimiento aeronáutico y espacial');
INSERT INTO codigo (idcategoria, codigo, descripcion) VALUES (4, '3317','Reparación y mantenimiento de otro material de transporte');
INSERT INTO codigo (idcategoria, codigo, descripcion) VALUES (4, '3319','Reparación de otros equipos');
INSERT INTO codigo (idcategoria, codigo, descripcion) VALUES (4, '332 ','Instalación de máquinas y equipos industriales');
INSERT INTO codigo (idcategoria, codigo, descripcion) VALUES (4, '3320','Instalación de máquinas y equipos industriales');
INSERT INTO codigo (idcategoria, codigo, descripcion) VALUES (4, 'D   ','Suministro de energía eléctrica, gas, vapor y aire acondicionado');
INSERT INTO codigo (idcategoria, codigo, descripcion) VALUES (4, '35  ','Suministro de energía eléctrica, gas, vapor y aire acondicionado');
INSERT INTO codigo (idcategoria, codigo, descripcion) VALUES (4, '351 ','Producción, transporte y distribución de energía eléctrica');
INSERT INTO codigo (idcategoria, codigo, descripcion) VALUES (4, '3512','Transporte de energía eléctrica');
INSERT INTO codigo (idcategoria, codigo, descripcion) VALUES (4, '3513','Distribución de energía eléctrica');
INSERT INTO codigo (idcategoria, codigo, descripcion) VALUES (4, '3514','Comercio de energía eléctrica');
INSERT INTO codigo (idcategoria, codigo, descripcion) VALUES (4, '3515','Producción de energía hidroeléctrica');
INSERT INTO codigo (idcategoria, codigo, descripcion) VALUES (4, '3516','Producción de energía eléctrica de origen térmico convencional');
INSERT INTO codigo (idcategoria, codigo, descripcion) VALUES (4, '3517','Producción de energía eléctrica de origen nuclear');
INSERT INTO codigo (idcategoria, codigo, descripcion) VALUES (4, '3518','Producción de energía eléctrica de origen eólico');
INSERT INTO codigo (idcategoria, codigo, descripcion) VALUES (4, '3519','Producción de energía eléctrica de otros tipos');
INSERT INTO codigo (idcategoria, codigo, descripcion) VALUES (4, '352 ','Producción de gas. Distribución por tubería de combustibles gaseosos');
INSERT INTO codigo (idcategoria, codigo, descripcion) VALUES (4, '3521','Producción de gas');
INSERT INTO codigo (idcategoria, codigo, descripcion) VALUES (4, '3522','Distribución por tubería de combustibles gaseosos');
INSERT INTO codigo (idcategoria, codigo, descripcion) VALUES (4, '3523','Comercio de gas por tubería');
INSERT INTO codigo (idcategoria, codigo, descripcion) VALUES (4, '353 ','Suministro de vapor y aire acondicionado');
INSERT INTO codigo (idcategoria, codigo, descripcion) VALUES (4, '3530','Suministro de vapor y aire acondicionado');
INSERT INTO codigo (idcategoria, codigo, descripcion) VALUES (4, 'E   ','Suministro de agua, actividades de saneamiento, gestión de residuos y descontaminación');
INSERT INTO codigo (idcategoria, codigo, descripcion) VALUES (4, '36  ','Captación, depuración y distribución de agua');
INSERT INTO codigo (idcategoria, codigo, descripcion) VALUES (4, '360 ','Captación, depuración y distribución de agua');
INSERT INTO codigo (idcategoria, codigo, descripcion) VALUES (4, '3600','Captación, depuración y distribución de agua');
INSERT INTO codigo (idcategoria, codigo, descripcion) VALUES (4, '37  ','Recogida y tratamiento de aguas residuales');
INSERT INTO codigo (idcategoria, codigo, descripcion) VALUES (4, '370 ','Recogida y tratamiento de aguas residuales');
INSERT INTO codigo (idcategoria, codigo, descripcion) VALUES (4, '3700','Recogida y tratamiento de aguas residuales');
INSERT INTO codigo (idcategoria, codigo, descripcion) VALUES (4, '38  ','Recogida, tratamiento y eliminación de residuos. Valorización');
INSERT INTO codigo (idcategoria, codigo, descripcion) VALUES (4, '381 ','Recogida de residuos');
INSERT INTO codigo (idcategoria, codigo, descripcion) VALUES (4, '3811','Recogida de residuos no peligrosos');
INSERT INTO codigo (idcategoria, codigo, descripcion) VALUES (4, '3812','Recogida de residuos peligrosos');
INSERT INTO codigo (idcategoria, codigo, descripcion) VALUES (4, '382 ','Tratamiento y eliminación de residuos');
INSERT INTO codigo (idcategoria, codigo, descripcion) VALUES (4, '3821','Tratamiento y eliminación de residuos no peligrosos');
INSERT INTO codigo (idcategoria, codigo, descripcion) VALUES (4, '3822','Tratamiento y eliminación de residuos peligrosos');
INSERT INTO codigo (idcategoria, codigo, descripcion) VALUES (4, '383 ','Valorización');
INSERT INTO codigo (idcategoria, codigo, descripcion) VALUES (4, '3831','Separación y clasificación de materiales');
INSERT INTO codigo (idcategoria, codigo, descripcion) VALUES (4, '3832','Valorización de materiales ya clasificados');
INSERT INTO codigo (idcategoria, codigo, descripcion) VALUES (4, '39  ','Actividades de descontaminación y otros servicios de gestión de residuos');
INSERT INTO codigo (idcategoria, codigo, descripcion) VALUES (4, '390 ','Actividades de descontaminación y otros servicios de gestión de residuos');
INSERT INTO codigo (idcategoria, codigo, descripcion) VALUES (4, '3900','Actividades de descontaminación y otros servicios de gestión de residuos');
INSERT INTO codigo (idcategoria, codigo, descripcion) VALUES (4, 'F   ','Construcción');
INSERT INTO codigo (idcategoria, codigo, descripcion) VALUES (4, '41  ','Construcción de edificios');
INSERT INTO codigo (idcategoria, codigo, descripcion) VALUES (4, '411 ','Promoción inmobiliaria');
INSERT INTO codigo (idcategoria, codigo, descripcion) VALUES (4, '4110','Promoción inmobiliaria Objetos localizados (1)');
INSERT INTO codigo (idcategoria, codigo, descripcion) VALUES (4, '412 ','Construcción de edificios');
INSERT INTO codigo (idcategoria, codigo, descripcion) VALUES (4, '4121','Construcción de edificios residenciales');
INSERT INTO codigo (idcategoria, codigo, descripcion) VALUES (4, '4122','Construcción de edificios no residenciales');
INSERT INTO codigo (idcategoria, codigo, descripcion) VALUES (4, '42  ','Ingeniería civil');
INSERT INTO codigo (idcategoria, codigo, descripcion) VALUES (4, '421 ','Construcción de carreteras y vías férreas, puentes y túneles');
INSERT INTO codigo (idcategoria, codigo, descripcion) VALUES (4, '4211','Construcción de carreteras y autopistas');
INSERT INTO codigo (idcategoria, codigo, descripcion) VALUES (4, '4212','Construcción de vías férreas de superficie y subterráneas');
INSERT INTO codigo (idcategoria, codigo, descripcion) VALUES (4, '4213','Construcción de puentes y túneles');
INSERT INTO codigo (idcategoria, codigo, descripcion) VALUES (4, '422 ','Construcción de redes');
INSERT INTO codigo (idcategoria, codigo, descripcion) VALUES (4, '4221','Construcción de redes para fluidos');
INSERT INTO codigo (idcategoria, codigo, descripcion) VALUES (4, '4222','Construcción de redes eléctricas y de telecomunicaciones');
INSERT INTO codigo (idcategoria, codigo, descripcion) VALUES (4, '429 ','Construcción de otros proyectos de ingeniería civil');
INSERT INTO codigo (idcategoria, codigo, descripcion) VALUES (4, '4291','Obras hidráulicas');
INSERT INTO codigo (idcategoria, codigo, descripcion) VALUES (4, '4299','Construcción de otros proyectos de ingeniería civil n.c.o.p.');
INSERT INTO codigo (idcategoria, codigo, descripcion) VALUES (4, '43  ','Actividades de construcción especializada');
INSERT INTO codigo (idcategoria, codigo, descripcion) VALUES (4, '431 ','Demolición y preparación de terrenos');
INSERT INTO codigo (idcategoria, codigo, descripcion) VALUES (4, '4311','Demolición');
INSERT INTO codigo (idcategoria, codigo, descripcion) VALUES (4, '4312','Preparación de terrenos');
INSERT INTO codigo (idcategoria, codigo, descripcion) VALUES (4, '4313','Perforaciones y sondeos');
INSERT INTO codigo (idcategoria, codigo, descripcion) VALUES (4, '432 ','Instalaciones eléctricas, de fontanería y otras instalaciones en obras de construcción');
INSERT INTO codigo (idcategoria, codigo, descripcion) VALUES (4, '4321','Instalaciones eléctricas');
INSERT INTO codigo (idcategoria, codigo, descripcion) VALUES (4, '4322','Fontanería, instalaciones de sistemas de calefacción y aire acondicionado');
INSERT INTO codigo (idcategoria, codigo, descripcion) VALUES (4, '4329','Otras instalaciones en obras de construcción');
INSERT INTO codigo (idcategoria, codigo, descripcion) VALUES (4, '433 ','Acabado de edificios');
INSERT INTO codigo (idcategoria, codigo, descripcion) VALUES (4, '4331','Revocamiento');
INSERT INTO codigo (idcategoria, codigo, descripcion) VALUES (4, '4332','Instalación de carpintería');
INSERT INTO codigo (idcategoria, codigo, descripcion) VALUES (4, '4333','Revestimiento de suelos y paredes');
INSERT INTO codigo (idcategoria, codigo, descripcion) VALUES (4, '4334','Pintura y acristalamiento');
INSERT INTO codigo (idcategoria, codigo, descripcion) VALUES (4, '4339','Otro acabado de edificios');
INSERT INTO codigo (idcategoria, codigo, descripcion) VALUES (4, '439 ','Otras actividades de construcción especializada');
INSERT INTO codigo (idcategoria, codigo, descripcion) VALUES (4, '4391','Construcción de cubiertas');
INSERT INTO codigo (idcategoria, codigo, descripcion) VALUES (4, '4399','Otras actividades de construcción especializada n.c.o.p.');
INSERT INTO codigo (idcategoria, codigo, descripcion) VALUES (4, 'G   ','Comercio al por mayor y al por menor. Reparación de vehículos de motor y motocicletas');
INSERT INTO codigo (idcategoria, codigo, descripcion) VALUES (4, '45  ','Venta y reparación de vehículos de motor y motocicletas');
INSERT INTO codigo (idcategoria, codigo, descripcion) VALUES (4, '451 ','Venta de vehículos de motor');
INSERT INTO codigo (idcategoria, codigo, descripcion) VALUES (4, '4511','Venta de automóviles y vehículos de motor ligeros');
INSERT INTO codigo (idcategoria, codigo, descripcion) VALUES (4, '4519','Venta de otros vehículos de motor');
INSERT INTO codigo (idcategoria, codigo, descripcion) VALUES (4, '452 ','Mantenimiento y reparación de vehículos de motor');
INSERT INTO codigo (idcategoria, codigo, descripcion) VALUES (4, '4520','Mantenimiento y reparación de vehículos de motor');
INSERT INTO codigo (idcategoria, codigo, descripcion) VALUES (4, '453 ','Comercio de repuestos y accesorios de vehículos de motor');
INSERT INTO codigo (idcategoria, codigo, descripcion) VALUES (4, '4531','Comercio al por mayor de repuestos y accesorios de vehículos de motor');
INSERT INTO codigo (idcategoria, codigo, descripcion) VALUES (4, '4532','Comercio al por menor de repuestos y accesorios de vehículos de motor');
INSERT INTO codigo (idcategoria, codigo, descripcion) VALUES (4, '454 ','Venta, mantenimiento y reparación de motocicletas y de sus repuestos y accesorios');
INSERT INTO codigo (idcategoria, codigo, descripcion) VALUES (4, '4540','Venta, mantenimiento y reparación de motocicletas y de sus repuestos y accesorios');
INSERT INTO codigo (idcategoria, codigo, descripcion) VALUES (4, '46  ','Comercio al por mayor e intermediarios del comercio, excepto de vehículos de motor y motocicletas');
INSERT INTO codigo (idcategoria, codigo, descripcion) VALUES (4, '461 ','Intermediarios del comercio');
INSERT INTO codigo (idcategoria, codigo, descripcion) VALUES (4, '4611','Intermediarios del comercio de materias primas agrarias, animales vivos, materias primas textiles y productos semielaborados');
INSERT INTO codigo (idcategoria, codigo, descripcion) VALUES (4, '4612','Intermediarios del comercio de combustibles, minerales, metales y productos químicos industriales');
INSERT INTO codigo (idcategoria, codigo, descripcion) VALUES (4, '4613','Intermediarios del comercio de la madera y materiales de construcción');
INSERT INTO codigo (idcategoria, codigo, descripcion) VALUES (4, '4614','Intermediarios del comercio de maquinaria, equipo industrial, embarcaciones y aeronaves');
INSERT INTO codigo (idcategoria, codigo, descripcion) VALUES (4, '4615','Intermediarios del comercio de muebles, artículos para el hogar y ferretería');
INSERT INTO codigo (idcategoria, codigo, descripcion) VALUES (4, '4616','Intermediarios del comercio de textiles, prendas de vestir, peletería, calzado y artículos de cuero');
INSERT INTO codigo (idcategoria, codigo, descripcion) VALUES (4, '4617','Intermediarios del comercio de productos alimenticios, bebidas y tabaco');
INSERT INTO codigo (idcategoria, codigo, descripcion) VALUES (4, '4618','Intermediarios del comercio especializados en la venta de otros productos específicos');
INSERT INTO codigo (idcategoria, codigo, descripcion) VALUES (4, '4619','Intermediarios del comercio de productos diversos');
INSERT INTO codigo (idcategoria, codigo, descripcion) VALUES (4, '462 ','Comercio al por mayor de materias primas agrarias y de animales vivos');
INSERT INTO codigo (idcategoria, codigo, descripcion) VALUES (4, '4621','Comercio al por mayor de cereales, tabaco en rama, simientes y alimentos para animales');
INSERT INTO codigo (idcategoria, codigo, descripcion) VALUES (4, '4622','Comercio al por mayor de flores y plantas');
INSERT INTO codigo (idcategoria, codigo, descripcion) VALUES (4, '4623','Comercio al por mayor de animales vivos');
INSERT INTO codigo (idcategoria, codigo, descripcion) VALUES (4, '4624','Comercio al por mayor de cueros y pieles');
INSERT INTO codigo (idcategoria, codigo, descripcion) VALUES (4, '463 ','Comercio al por mayor de productos alimenticios, bebidas y tabaco');
INSERT INTO codigo (idcategoria, codigo, descripcion) VALUES (4, '4631','Comercio al por mayor de frutas y hortalizas');
INSERT INTO codigo (idcategoria, codigo, descripcion) VALUES (4, '4632','Comercio al por mayor de carne y productos cárnicos');
INSERT INTO codigo (idcategoria, codigo, descripcion) VALUES (4, '4633','Comercio al por mayor de productos lácteos, huevos, aceites y grasas comestibles');
INSERT INTO codigo (idcategoria, codigo, descripcion) VALUES (4, '4634','Comercio al por mayor de bebidas');
INSERT INTO codigo (idcategoria, codigo, descripcion) VALUES (4, '4635','Comercio al por mayor de productos del tabaco');
INSERT INTO codigo (idcategoria, codigo, descripcion) VALUES (4, '4636','Comercio al por mayor de azúcar, chocolate y confitería');
INSERT INTO codigo (idcategoria, codigo, descripcion) VALUES (4, '4637','Comercio al por mayor de café, té, cacao y especias');
INSERT INTO codigo (idcategoria, codigo, descripcion) VALUES (4, '4638','Comercio al por mayor de pescados y mariscos y otros productos alimenticios');
INSERT INTO codigo (idcategoria, codigo, descripcion) VALUES (4, '4639','Comercio al por mayor, no especializado, de productos alimenticios, bebidas y tabaco');
INSERT INTO codigo (idcategoria, codigo, descripcion) VALUES (4, '464 ','Comercio al por mayor de artículos de uso doméstico');
INSERT INTO codigo (idcategoria, codigo, descripcion) VALUES (4, '4641','Comercio al por mayor de textiles');
INSERT INTO codigo (idcategoria, codigo, descripcion) VALUES (4, '4642','Comercio al por mayor de prendas de vestir y calzado');
INSERT INTO codigo (idcategoria, codigo, descripcion) VALUES (4, '4643','Comercio al por mayor de aparatos electrodomésticos');
INSERT INTO codigo (idcategoria, codigo, descripcion) VALUES (4, '4644','Comercio al por mayor de porcelana, cristalería y artículos de limpieza');
INSERT INTO codigo (idcategoria, codigo, descripcion) VALUES (4, '4645','Comercio al por mayor de productos perfumería y cosmética');
INSERT INTO codigo (idcategoria, codigo, descripcion) VALUES (4, '4646','Comercio al por mayor de productos farmacéuticos');
INSERT INTO codigo (idcategoria, codigo, descripcion) VALUES (4, '4647','Comercio al por mayor de muebles, alfombras y aparatos de iluminación');
INSERT INTO codigo (idcategoria, codigo, descripcion) VALUES (4, '4648','Comercio al por mayor de artículos de relojería y joyería');
INSERT INTO codigo (idcategoria, codigo, descripcion) VALUES (4, '4649','Comercio al por mayor de otros artículos de uso doméstico');
INSERT INTO codigo (idcategoria, codigo, descripcion) VALUES (4, '465 ','Comercio al por mayor de equipos para las tecnologías de la información y las comunicaciones');
INSERT INTO codigo (idcategoria, codigo, descripcion) VALUES (4, '4651','Comercio al por mayor de ordenadores, equipos periféricos y programas informáticos');
INSERT INTO codigo (idcategoria, codigo, descripcion) VALUES (4, '4652','Comercio al por mayor de equipos electrónicos y de telecomunicaciones y sus componentes');
INSERT INTO codigo (idcategoria, codigo, descripcion) VALUES (4, '466 ','Comercio al por mayor de otra maquinaria, equipos y suministros');
INSERT INTO codigo (idcategoria, codigo, descripcion) VALUES (4, '4661','Comercio al por mayor de maquinaria, equipos y suministros agrícolas');
INSERT INTO codigo (idcategoria, codigo, descripcion) VALUES (4, '4662','Comercio al por mayor de máquinas herramienta');
INSERT INTO codigo (idcategoria, codigo, descripcion) VALUES (4, '4663','Comercio al por mayor de maquinaria para la minería, la construcción y la ingeniería civil');
INSERT INTO codigo (idcategoria, codigo, descripcion) VALUES (4, '4664','Comercio al por mayor de maquinaria para la industria textil y de máquinas de coser y tricotar');
INSERT INTO codigo (idcategoria, codigo, descripcion) VALUES (4, '4665','Comercio al por mayor de muebles de oficina');
INSERT INTO codigo (idcategoria, codigo, descripcion) VALUES (4, '4666','Comercio al por mayor de otra maquinaria y equipo de oficina');
INSERT INTO codigo (idcategoria, codigo, descripcion) VALUES (4, '4669','Comercio al por mayor de otra maquinaria y equipo');
INSERT INTO codigo (idcategoria, codigo, descripcion) VALUES (4, '467 ','Otro comercio al por mayor especializado');
INSERT INTO codigo (idcategoria, codigo, descripcion) VALUES (4, '4671','Comercio al por mayor de combustibles sólidos, líquidos y gaseosos, y productos similares');
INSERT INTO codigo (idcategoria, codigo, descripcion) VALUES (4, '4672','Comercio al por mayor de metales y minerales metálicos');
INSERT INTO codigo (idcategoria, codigo, descripcion) VALUES (4, '4673','Comercio al por mayor de madera, materiales de construcción y aparatos sanitarios');
INSERT INTO codigo (idcategoria, codigo, descripcion) VALUES (4, '4674','Comercio al por mayor de ferretería, fontanería y calefacción');
INSERT INTO codigo (idcategoria, codigo, descripcion) VALUES (4, '4675','Comercio al por mayor de productos químicos');
INSERT INTO codigo (idcategoria, codigo, descripcion) VALUES (4, '4676','Comercio al por mayor de otros productos semielaborados');
INSERT INTO codigo (idcategoria, codigo, descripcion) VALUES (4, '4677','Comercio al por mayor de chatarra y productos de desecho');
INSERT INTO codigo (idcategoria, codigo, descripcion) VALUES (4, '469 ','Comercio al por mayor no especializado');
INSERT INTO codigo (idcategoria, codigo, descripcion) VALUES (4, '4690','Comercio al por mayor no especializado');
INSERT INTO codigo (idcategoria, codigo, descripcion) VALUES (4, '47  ','Comercio al por menor, excepto de vehículos de motor y motocicletas');
INSERT INTO codigo (idcategoria, codigo, descripcion) VALUES (4, '471 ','Comercio al por menor en establecimientos no especializados');
INSERT INTO codigo (idcategoria, codigo, descripcion) VALUES (4, '4711','Comercio al por menor en establecimientos no especializados, con predominio en productos alimenticios, bebidas y tabaco');
INSERT INTO codigo (idcategoria, codigo, descripcion) VALUES (4, '4719','Otro comercio al por menor en establecimientos no especializados');
INSERT INTO codigo (idcategoria, codigo, descripcion) VALUES (4, '472 ','Comercio al por menor de productos alimenticios, bebidas y tabaco en establecimientos especializados');
INSERT INTO codigo (idcategoria, codigo, descripcion) VALUES (4, '4721','Comercio al por menor de frutas y hortalizas en establecimientos especializados');
INSERT INTO codigo (idcategoria, codigo, descripcion) VALUES (4, '4722','Comercio al por menor de carne y productos cárnicos en establecimientos especializados');
INSERT INTO codigo (idcategoria, codigo, descripcion) VALUES (4, '4723','Comercio al por menor de pescados y mariscos en establecimientos especializados');
INSERT INTO codigo (idcategoria, codigo, descripcion) VALUES (4, '4724','Comercio al por menor de pan y productos de panadería, confitería y pastelería en establecimientos especializados');
INSERT INTO codigo (idcategoria, codigo, descripcion) VALUES (4, '4725','Comercio al por menor de bebidas en establecimientos especializados');
INSERT INTO codigo (idcategoria, codigo, descripcion) VALUES (4, '4726','Comercio al por menor de productos de tabaco en establecimientos especializados');
INSERT INTO codigo (idcategoria, codigo, descripcion) VALUES (4, '4729','Otro comercio al por menor de productos alimenticios en establecimientos especializados');
INSERT INTO codigo (idcategoria, codigo, descripcion) VALUES (4, '473 ','Comercio al por menor de combustible para la automoción en establecimientos especializados');
INSERT INTO codigo (idcategoria, codigo, descripcion) VALUES (4, '4730','Comercio al por menor de combustible para la automoción en establecimientos especializados');
INSERT INTO codigo (idcategoria, codigo, descripcion) VALUES (4, '474 ','Comercio al por menor de equipos para las tecnologías de la información y las comunicaciones en establecimientos especializados');
INSERT INTO codigo (idcategoria, codigo, descripcion) VALUES (4, '4741','Comercio al por menor de ordenadores, equipos periféricos y programas informáticos en establecimientos especializados');
INSERT INTO codigo (idcategoria, codigo, descripcion) VALUES (4, '4742','Comercio al por menor de equipos de telecomunicaciones en establecimientos especializados');
INSERT INTO codigo (idcategoria, codigo, descripcion) VALUES (4, '4743','Comercio al por menor de equipos de audio y vídeo en establecimientos especializados');
INSERT INTO codigo (idcategoria, codigo, descripcion) VALUES (4, '475 ','Comercio al por menor de otros artículos de uso doméstico en establecimientos especializados');
INSERT INTO codigo (idcategoria, codigo, descripcion) VALUES (4, '4751','Comercio al por menor de textiles en establecimientos especializados');
INSERT INTO codigo (idcategoria, codigo, descripcion) VALUES (4, '4752','Comercio al por menor de ferretería, pintura y vidrio en establecimientos especializados');
INSERT INTO codigo (idcategoria, codigo, descripcion) VALUES (4, '4753','Comercio al por menor de alfombras, moquetas y revestimientos de paredes y suelos en establecimientos especializados');
INSERT INTO codigo (idcategoria, codigo, descripcion) VALUES (4, '4754','Comercio al por menor de aparatos electrodomésticos en establecimientos especializados');
INSERT INTO codigo (idcategoria, codigo, descripcion) VALUES (4, '4759','Comercio al por menor de muebles, aparatos de iluminación y otros artículos de uso doméstico en establecimientos especializados');
INSERT INTO codigo (idcategoria, codigo, descripcion) VALUES (4, '476 ','Comercio al por menor de artículos culturales y recreativos en establecimientos especializados');
INSERT INTO codigo (idcategoria, codigo, descripcion) VALUES (4, '4761','Comercio al por menor de libros en establecimientos especializados');
INSERT INTO codigo (idcategoria, codigo, descripcion) VALUES (4, '4762','Comercio al por menor de periódicos y artículos de papelería en establecimientos especializados');
INSERT INTO codigo (idcategoria, codigo, descripcion) VALUES (4, '4763','Comercio al por menor de grabaciones de música y vídeo en establecimientos especializados');
INSERT INTO codigo (idcategoria, codigo, descripcion) VALUES (4, '4764','Comercio al por menor de artículos deportivos en establecimientos especializados');
INSERT INTO codigo (idcategoria, codigo, descripcion) VALUES (4, '4765','Comercio al por menor de juegos y juguetes en establecimientos especializados');
INSERT INTO codigo (idcategoria, codigo, descripcion) VALUES (4, '477 ','Comercio al por menor de otros artículos en establecimientos especializados');
INSERT INTO codigo (idcategoria, codigo, descripcion) VALUES (4, '4771','Comercio al por menor de prendas de vestir en establecimientos especializados');
INSERT INTO codigo (idcategoria, codigo, descripcion) VALUES (4, '4772','Comercio al por menor de calzado y artículos de cuero en establecimientos especializados');
INSERT INTO codigo (idcategoria, codigo, descripcion) VALUES (4, '4773','Comercio al por menor de productos farmacéuticos en establecimientos especializados');
INSERT INTO codigo (idcategoria, codigo, descripcion) VALUES (4, '4774','Comercio al por menor de artículos médicos y ortopédicos en establecimientos especializados');
INSERT INTO codigo (idcategoria, codigo, descripcion) VALUES (4, '4775','Comercio al por menor de productos cosméticos e higiénicos en establecimientos especializados');
INSERT INTO codigo (idcategoria, codigo, descripcion) VALUES (4, '4776','Comercio al por menor de flores, plantas, semillas, fertilizantes, animales de compańía y alimentos para los mismos en establecimientos especializados');
INSERT INTO codigo (idcategoria, codigo, descripcion) VALUES (4, '4777','Comercio al por menor de artículos de relojería y joyería en establecimientos especializados');
INSERT INTO codigo (idcategoria, codigo, descripcion) VALUES (4, '4778','Otro comercio al por menor de artículos nuevos en establecimientos especializados');
INSERT INTO codigo (idcategoria, codigo, descripcion) VALUES (4, '4779','Comercio al por menor de artículos de segunda mano en establecimientos');
INSERT INTO codigo (idcategoria, codigo, descripcion) VALUES (4, '478 ','Comercio al por menor en puestos de venta y en mercadillos');
INSERT INTO codigo (idcategoria, codigo, descripcion) VALUES (4, '4781','Comercio al por menor de productos alimenticios, bebidas y tabaco en puestos de venta y en mercadillos');
INSERT INTO codigo (idcategoria, codigo, descripcion) VALUES (4, '4782','Comercio al por menor de productos textiles, prendas de vestir y calzado en puestos de venta y en mercadillos');
INSERT INTO codigo (idcategoria, codigo, descripcion) VALUES (4, '4789','Comercio al por menor de otros productos en puestos de venta y en mercadillos');
INSERT INTO codigo (idcategoria, codigo, descripcion) VALUES (4, '479 ','Comercio al por menor no realizado ni en establecimientos, ni en puestos de venta ni en mercadillos');
INSERT INTO codigo (idcategoria, codigo, descripcion) VALUES (4, '4791','Comercio al por menor por correspondencia o Internet');
INSERT INTO codigo (idcategoria, codigo, descripcion) VALUES (4, '4799','Otro comercio al por menor no realizado ni en establecimientos, ni en puestos de venta ni en mercadillos');
INSERT INTO codigo (idcategoria, codigo, descripcion) VALUES (4, 'H   ','Transporte y almacenamiento');
INSERT INTO codigo (idcategoria, codigo, descripcion) VALUES (4, '49  ','Transporte terrestre y por tubería');
INSERT INTO codigo (idcategoria, codigo, descripcion) VALUES (4, '491 ','Transporte interurbano de pasajeros por ferrocarril');
INSERT INTO codigo (idcategoria, codigo, descripcion) VALUES (4, '4910','Transporte interurbano de pasajeros por ferrocarril');
INSERT INTO codigo (idcategoria, codigo, descripcion) VALUES (4, '492 ','Transporte de mercancías por ferrocarril');
INSERT INTO codigo (idcategoria, codigo, descripcion) VALUES (4, '4920','Transporte de mercancías por ferrocarril');
INSERT INTO codigo (idcategoria, codigo, descripcion) VALUES (4, '493 ','Otro transporte terrestre de pasajeros');
INSERT INTO codigo (idcategoria, codigo, descripcion) VALUES (4, '4931','Transporte terrestre urbano y suburbano de pasajeros');
INSERT INTO codigo (idcategoria, codigo, descripcion) VALUES (4, '4932','Transporte por taxi');
INSERT INTO codigo (idcategoria, codigo, descripcion) VALUES (4, '4939','tipos de transporte terrestre de pasajeros n.c.o.p.');
INSERT INTO codigo (idcategoria, codigo, descripcion) VALUES (4, '494 ','Transporte de mercancías por carretera y servicios de mudanza');
INSERT INTO codigo (idcategoria, codigo, descripcion) VALUES (4, '4941','Transporte de mercancías por carretera');
INSERT INTO codigo (idcategoria, codigo, descripcion) VALUES (4, '4942','Servicios de mudanza');
INSERT INTO codigo (idcategoria, codigo, descripcion) VALUES (4, '495 ','Transporte por tubería');
INSERT INTO codigo (idcategoria, codigo, descripcion) VALUES (4, '4950','Transporte por tubería');
INSERT INTO codigo (idcategoria, codigo, descripcion) VALUES (4, '50  ','Transporte marítimo y por vías navegables interiores');
INSERT INTO codigo (idcategoria, codigo, descripcion) VALUES (4, '501 ','Transporte marítimo de pasajeros');
INSERT INTO codigo (idcategoria, codigo, descripcion) VALUES (4, '5010','Transporte marítimo de pasajeros');
INSERT INTO codigo (idcategoria, codigo, descripcion) VALUES (4, '502 ','Transporte marítimo de mercancías');
INSERT INTO codigo (idcategoria, codigo, descripcion) VALUES (4, '5020','Transporte marítimo de mercancías');
INSERT INTO codigo (idcategoria, codigo, descripcion) VALUES (4, '503 ','Transporte de pasajeros por vías navegables interiores');
INSERT INTO codigo (idcategoria, codigo, descripcion) VALUES (4, '5030','Transporte de pasajeros por vías navegables interiores');
INSERT INTO codigo (idcategoria, codigo, descripcion) VALUES (4, '504 ','Transporte de mercancías por vías navegables interiores');
INSERT INTO codigo (idcategoria, codigo, descripcion) VALUES (4, '5040','Transporte de mercancías por vías navegables interiores');
INSERT INTO codigo (idcategoria, codigo, descripcion) VALUES (4, '51  ','Transporte aéreo');
INSERT INTO codigo (idcategoria, codigo, descripcion) VALUES (4, '511 ','Transporte aéreo de pasajeros');
INSERT INTO codigo (idcategoria, codigo, descripcion) VALUES (4, '5110','Transporte aéreo de pasajeros');
INSERT INTO codigo (idcategoria, codigo, descripcion) VALUES (4, '512 ','Transporte aéreo de mercancías y transporte espacial');
INSERT INTO codigo (idcategoria, codigo, descripcion) VALUES (4, '5121','Transporte aéreo de mercancías');
INSERT INTO codigo (idcategoria, codigo, descripcion) VALUES (4, '5122','Transporte espacial');
INSERT INTO codigo (idcategoria, codigo, descripcion) VALUES (4, '52  ','Almacenamiento y actividades anexas al transporte');
INSERT INTO codigo (idcategoria, codigo, descripcion) VALUES (4, '521 ','Depósito y almacenamiento');
INSERT INTO codigo (idcategoria, codigo, descripcion) VALUES (4, '5210','Depósito y almacenamiento');
INSERT INTO codigo (idcategoria, codigo, descripcion) VALUES (4, '522 ','Actividades anexas al transporte');
INSERT INTO codigo (idcategoria, codigo, descripcion) VALUES (4, '5221','Actividades anexas al transporte terrestre');
INSERT INTO codigo (idcategoria, codigo, descripcion) VALUES (4, '5222','Actividades anexas al transporte marítimo y por vías navegables interiores');
INSERT INTO codigo (idcategoria, codigo, descripcion) VALUES (4, '5223','Actividades anexas al transporte aéreo');
INSERT INTO codigo (idcategoria, codigo, descripcion) VALUES (4, '5224','Manipulación de mercancías');
INSERT INTO codigo (idcategoria, codigo, descripcion) VALUES (4, '5229','Otras actividades anexas al transporte');
INSERT INTO codigo (idcategoria, codigo, descripcion) VALUES (4, '53  ','Actividades postales y de correos');
INSERT INTO codigo (idcategoria, codigo, descripcion) VALUES (4, '531 ','Actividades postales sometidas a la obligación del servicio universal');
INSERT INTO codigo (idcategoria, codigo, descripcion) VALUES (4, '5310','Actividades postales sometidas a la obligación del servicio universal');
INSERT INTO codigo (idcategoria, codigo, descripcion) VALUES (4, '532 ','Otras actividades postales y de correos');
INSERT INTO codigo (idcategoria, codigo, descripcion) VALUES (4, '5320','Otras actividades postales y de correos');
INSERT INTO codigo (idcategoria, codigo, descripcion) VALUES (4, 'I   ','Hostelería');
INSERT INTO codigo (idcategoria, codigo, descripcion) VALUES (4, '55  ','Servicios de alojamiento');
INSERT INTO codigo (idcategoria, codigo, descripcion) VALUES (4, '551 ','Hoteles y alojamientos similares');
INSERT INTO codigo (idcategoria, codigo, descripcion) VALUES (4, '5510','Hoteles y alojamientos similares');
INSERT INTO codigo (idcategoria, codigo, descripcion) VALUES (4, '552 ','Alojamientos turísticos y otros alojamientos de corta estancia');
INSERT INTO codigo (idcategoria, codigo, descripcion) VALUES (4, '5520','Alojamientos turísticos y otros alojamientos de corta estancia');
INSERT INTO codigo (idcategoria, codigo, descripcion) VALUES (4, '553 ','Campings y aparcamientos para caravanas');
INSERT INTO codigo (idcategoria, codigo, descripcion) VALUES (4, '5530','Campings y aparcamientos para caravanas');
INSERT INTO codigo (idcategoria, codigo, descripcion) VALUES (4, '559 ','Otros alojamientos');
INSERT INTO codigo (idcategoria, codigo, descripcion) VALUES (4, '5590','Otros alojamientos');
INSERT INTO codigo (idcategoria, codigo, descripcion) VALUES (4, '56  ','Servicios de comidas y bebidas');
INSERT INTO codigo (idcategoria, codigo, descripcion) VALUES (4, '561 ','Restaurantes y puestos de comidas');
INSERT INTO codigo (idcategoria, codigo, descripcion) VALUES (4, '5610','Restaurantes y puestos de comidas');
INSERT INTO codigo (idcategoria, codigo, descripcion) VALUES (4, '562 ','Provisión de comidas preparadas para eventos y otros servicios de comidas');
INSERT INTO codigo (idcategoria, codigo, descripcion) VALUES (4, '5621','Provisión de comidas preparadas para eventos');
INSERT INTO codigo (idcategoria, codigo, descripcion) VALUES (4, '5629','Otros servicios de comidas');
INSERT INTO codigo (idcategoria, codigo, descripcion) VALUES (4, '563 ','Establecimientos de bebidas');
INSERT INTO codigo (idcategoria, codigo, descripcion) VALUES (4, '5630','Establecimientos de bebidas');
INSERT INTO codigo (idcategoria, codigo, descripcion) VALUES (4, 'J   ','Información y comunicaciones');
INSERT INTO codigo (idcategoria, codigo, descripcion) VALUES (4, '58  ','Edición');
INSERT INTO codigo (idcategoria, codigo, descripcion) VALUES (4, '581 ','Edición de libros, periódicos y otras actividades editoriales');
INSERT INTO codigo (idcategoria, codigo, descripcion) VALUES (4, '5811','Edición de libros');
INSERT INTO codigo (idcategoria, codigo, descripcion) VALUES (4, '5812','Edición de directorios y guías de direcciones postales');
INSERT INTO codigo (idcategoria, codigo, descripcion) VALUES (4, '5813','Edición de periódicos');
INSERT INTO codigo (idcategoria, codigo, descripcion) VALUES (4, '5814','Edición de revistas');
INSERT INTO codigo (idcategoria, codigo, descripcion) VALUES (4, '5819','Otras actividades editoriales');
INSERT INTO codigo (idcategoria, codigo, descripcion) VALUES (4, '582 ','Edición de programas informáticos');
INSERT INTO codigo (idcategoria, codigo, descripcion) VALUES (4, '5821','Edición de videojuegos');
INSERT INTO codigo (idcategoria, codigo, descripcion) VALUES (4, '5829','Edición de otros programas informáticos');
INSERT INTO codigo (idcategoria, codigo, descripcion) VALUES (4, '59  ','Actividades cinematográficas, de vídeo y de programas de televisión, grabación de sonido y edición musical');
INSERT INTO codigo (idcategoria, codigo, descripcion) VALUES (4, '591 ','Actividades cinematográficas, de vídeo y de programas de televisión');
INSERT INTO codigo (idcategoria, codigo, descripcion) VALUES (4, '5912','Actividades de postproducción cinematográfica, de vídeo y de programas de televisión');
INSERT INTO codigo (idcategoria, codigo, descripcion) VALUES (4, '5914','Actividades de exhibición cinematográfica');
INSERT INTO codigo (idcategoria, codigo, descripcion) VALUES (4, '5915','Actividades de producción cinematográfica y de vídeo');
INSERT INTO codigo (idcategoria, codigo, descripcion) VALUES (4, '5916','Actividades de producciones de programas de televisión');
INSERT INTO codigo (idcategoria, codigo, descripcion) VALUES (4, '5917','Actividades de distribución cinematográfica y de vídeo');
INSERT INTO codigo (idcategoria, codigo, descripcion) VALUES (4, '5918','Actividades de distribución de programas de televisión');
INSERT INTO codigo (idcategoria, codigo, descripcion) VALUES (4, '592 ','Actividades de grabación de sonido y edición musical');
INSERT INTO codigo (idcategoria, codigo, descripcion) VALUES (4, '5920','Actividades de grabación de sonido y edición musical');
INSERT INTO codigo (idcategoria, codigo, descripcion) VALUES (4, '60  ','Actividades de programación y emisión de radio y televisión');
INSERT INTO codigo (idcategoria, codigo, descripcion) VALUES (4, '601 ','Actividades de radiodifusión');
INSERT INTO codigo (idcategoria, codigo, descripcion) VALUES (4, '6010','Actividades de radiodifusión');
INSERT INTO codigo (idcategoria, codigo, descripcion) VALUES (4, '602 ','Actividades de programación y emisión de televisión');
INSERT INTO codigo (idcategoria, codigo, descripcion) VALUES (4, '6020','Actividades de programación y emisión de televisión');
INSERT INTO codigo (idcategoria, codigo, descripcion) VALUES (4, '61  ','Telecomunicaciones');
INSERT INTO codigo (idcategoria, codigo, descripcion) VALUES (4, '611 ','Telecomunicaciones por cable');
INSERT INTO codigo (idcategoria, codigo, descripcion) VALUES (4, '6110','Telecomunicaciones por cable');
INSERT INTO codigo (idcategoria, codigo, descripcion) VALUES (4, '612 ','Telecomunicaciones inalámbricas');
INSERT INTO codigo (idcategoria, codigo, descripcion) VALUES (4, '6120','Telecomunicaciones inalámbricas');
INSERT INTO codigo (idcategoria, codigo, descripcion) VALUES (4, '613 ','Telecomunicaciones por satélite');
INSERT INTO codigo (idcategoria, codigo, descripcion) VALUES (4, '6130','Telecomunicaciones por satélite');
INSERT INTO codigo (idcategoria, codigo, descripcion) VALUES (4, '619 ','Otras actividades de telecomunicaciones');
INSERT INTO codigo (idcategoria, codigo, descripcion) VALUES (4, '6190','Otras actividades de telecomunicaciones');
INSERT INTO codigo (idcategoria, codigo, descripcion) VALUES (4, '62  ','Programación, consultoría y otras actividades relacionadas con la informática');
INSERT INTO codigo (idcategoria, codigo, descripcion) VALUES (4, '620 ','Programación, consultoría y otras actividades relacionadas con la informática');
INSERT INTO codigo (idcategoria, codigo, descripcion) VALUES (4, '6201','Actividades de programación informática Objetos localizados (1)');
INSERT INTO codigo (idcategoria, codigo, descripcion) VALUES (4, '6202','Actividades de consultoría informática Objetos localizados (1)');
INSERT INTO codigo (idcategoria, codigo, descripcion) VALUES (4, '6203','Gestión de recursos informáticos Objetos localizados (1)');
INSERT INTO codigo (idcategoria, codigo, descripcion) VALUES (4, '6209','Otros servicios relacionados con las tecnologías de la información y la informática Objetos localizados (1)');
INSERT INTO codigo (idcategoria, codigo, descripcion) VALUES (4, '63  ','Servicios de información');
INSERT INTO codigo (idcategoria, codigo, descripcion) VALUES (4, '631 ','Proceso de datos, hosting y actividades relacionadas. Portales web');
INSERT INTO codigo (idcategoria, codigo, descripcion) VALUES (4, '6311','Proceso de datos, hosting y actividades relacionadas');
INSERT INTO codigo (idcategoria, codigo, descripcion) VALUES (4, '6312','Portales web');
INSERT INTO codigo (idcategoria, codigo, descripcion) VALUES (4, '639 ','Otros servicios de información');
INSERT INTO codigo (idcategoria, codigo, descripcion) VALUES (4, '6391','Actividades de las agencias de noticias');
INSERT INTO codigo (idcategoria, codigo, descripcion) VALUES (4, '6399','Otros servicios de información n.c.o.p.');
INSERT INTO codigo (idcategoria, codigo, descripcion) VALUES (4, 'K   ','Actividades financieras y de seguros');
INSERT INTO codigo (idcategoria, codigo, descripcion) VALUES (4, '64  ','Servicios financieros, excepto seguros y fondos de pensiones');
INSERT INTO codigo (idcategoria, codigo, descripcion) VALUES (4, '641 ','Intermediación monetaria');
INSERT INTO codigo (idcategoria, codigo, descripcion) VALUES (4, '6411','Banco central');
INSERT INTO codigo (idcategoria, codigo, descripcion) VALUES (4, '6419','Otra intermediación monetaria');
INSERT INTO codigo (idcategoria, codigo, descripcion) VALUES (4, '642 ','Actividades de las sociedades holding');
INSERT INTO codigo (idcategoria, codigo, descripcion) VALUES (4, '6420','Actividades de las sociedades holding Objetos localizados (1)');
INSERT INTO codigo (idcategoria, codigo, descripcion) VALUES (4, '643 ','Inversión colectiva, fondos y entidades financieras similares');
INSERT INTO codigo (idcategoria, codigo, descripcion) VALUES (4, '6430','Inversión colectiva, fondos y entidades financieras similares');
INSERT INTO codigo (idcategoria, codigo, descripcion) VALUES (4, '649 ','Otros servicios financieros, excepto seguros y fondos de pensiones');
INSERT INTO codigo (idcategoria, codigo, descripcion) VALUES (4, '6491','Arrendamiento financiero');
INSERT INTO codigo (idcategoria, codigo, descripcion) VALUES (4, '6492','Otras actividades crediticias');
INSERT INTO codigo (idcategoria, codigo, descripcion) VALUES (4, '6499','Otros servicios financieros, excepto seguros y fondos de pensiones n.c.o.p.');
INSERT INTO codigo (idcategoria, codigo, descripcion) VALUES (4, '65  ','Seguros, reaseguros y fondos de pensiones, excepto Seguridad Social obligatoria');
INSERT INTO codigo (idcategoria, codigo, descripcion) VALUES (4, '651 ','Seguros');
INSERT INTO codigo (idcategoria, codigo, descripcion) VALUES (4, '6511','Seguros de vida');
INSERT INTO codigo (idcategoria, codigo, descripcion) VALUES (4, '6512','Seguros distintos de los seguros de vida');
INSERT INTO codigo (idcategoria, codigo, descripcion) VALUES (4, '652 ','Reaseguros');
INSERT INTO codigo (idcategoria, codigo, descripcion) VALUES (4, '6520','Reaseguros');
INSERT INTO codigo (idcategoria, codigo, descripcion) VALUES (4, '653 ','Fondos de pensiones');
INSERT INTO codigo (idcategoria, codigo, descripcion) VALUES (4, '6530','Fondos de pensiones');
INSERT INTO codigo (idcategoria, codigo, descripcion) VALUES (4, '66  ','Actividades auxiliares a los servicios financieros y a los seguros');
INSERT INTO codigo (idcategoria, codigo, descripcion) VALUES (4, '661 ','Actividades auxiliares a los servicios financieros, excepto seguros y fondos de pensiones');
INSERT INTO codigo (idcategoria, codigo, descripcion) VALUES (4, '6611','Administración de mercados financieros');
INSERT INTO codigo (idcategoria, codigo, descripcion) VALUES (4, '6612','Actividades de intermediación en operaciones con valores y otros activos');
INSERT INTO codigo (idcategoria, codigo, descripcion) VALUES (4, '6619','Otras actividades auxiliares a los servicios financieros, excepto seguros y fondos de pensiones');
INSERT INTO codigo (idcategoria, codigo, descripcion) VALUES (4, '662 ','Actividades auxiliares a seguros y fondos de pensiones');
INSERT INTO codigo (idcategoria, codigo, descripcion) VALUES (4, '6621','Evaluación de riesgos y dańos');
INSERT INTO codigo (idcategoria, codigo, descripcion) VALUES (4, '6622','Actividades de agentes y corredores de seguros');
INSERT INTO codigo (idcategoria, codigo, descripcion) VALUES (4, '6629','Otras actividades auxiliares a seguros y fondos de pensiones');
INSERT INTO codigo (idcategoria, codigo, descripcion) VALUES (4, '663 ','Actividades de gestión de fondos');
INSERT INTO codigo (idcategoria, codigo, descripcion) VALUES (4, '6630','Actividades de gestión de fondos');
INSERT INTO codigo (idcategoria, codigo, descripcion) VALUES (4, 'L   ','Actividades inmobiliarias');
INSERT INTO codigo (idcategoria, codigo, descripcion) VALUES (4, '68  ','Actividades inmobiliarias');
INSERT INTO codigo (idcategoria, codigo, descripcion) VALUES (4, '681 ','Compraventa de bienes inmobiliarios por cuenta propia');
INSERT INTO codigo (idcategoria, codigo, descripcion) VALUES (4, '6810','Compraventa de bienes inmobiliarios por cuenta propia Objetos localizados (1)');
INSERT INTO codigo (idcategoria, codigo, descripcion) VALUES (4, '682 ','Alquiler de bienes inmobiliarios por cuenta propia');
INSERT INTO codigo (idcategoria, codigo, descripcion) VALUES (4, '6820','Alquiler de bienes inmobiliarios por cuenta propia Objetos localizados (1)');
INSERT INTO codigo (idcategoria, codigo, descripcion) VALUES (4, '683 ','Actividades inmobiliarias por cuenta de terceros');
INSERT INTO codigo (idcategoria, codigo, descripcion) VALUES (4, '6831','Agentes de la propiedad inmobiliaria Objetos localizados (1)');
INSERT INTO codigo (idcategoria, codigo, descripcion) VALUES (4, '6832','Gestión y administración de la propiedad inmobiliaria Objetos localizados (1)');
INSERT INTO codigo (idcategoria, codigo, descripcion) VALUES (4, 'M   ','Actividades profesionales, científicas y técnicas');
INSERT INTO codigo (idcategoria, codigo, descripcion) VALUES (4, '69  ','Actividades jurídicas y de contabilidad');
INSERT INTO codigo (idcategoria, codigo, descripcion) VALUES (4, '691 ','Actividades jurídicas');
INSERT INTO codigo (idcategoria, codigo, descripcion) VALUES (4, '6910','Actividades jurídicas');
INSERT INTO codigo (idcategoria, codigo, descripcion) VALUES (4, '692 ','Actividades de contabilidad, teneduría de libros, auditoría y asesoría fiscal');
INSERT INTO codigo (idcategoria, codigo, descripcion) VALUES (4, '6920','Actividades de contabilidad, teneduría de libros, auditoría y asesoría fiscal');
INSERT INTO codigo (idcategoria, codigo, descripcion) VALUES (4, '70  ','Actividades de las sedes centrales. Actividades de consultoría de gestión empresarial');
INSERT INTO codigo (idcategoria, codigo, descripcion) VALUES (4, '701 ','Actividades de las sedes centrales');
INSERT INTO codigo (idcategoria, codigo, descripcion) VALUES (4, '7010','Actividades de las sedes centrales');
INSERT INTO codigo (idcategoria, codigo, descripcion) VALUES (4, '702 ','Actividades de consultoría de gestión empresarial');
INSERT INTO codigo (idcategoria, codigo, descripcion) VALUES (4, '7021','Relaciones públicas y comunicación');
INSERT INTO codigo (idcategoria, codigo, descripcion) VALUES (4, '7022','Otras actividades de consultoría de gestión empresarial');
INSERT INTO codigo (idcategoria, codigo, descripcion) VALUES (4, '71  ','Servicios técnicos de arquitectura e ingeniería. Ensayos y análisis técnicos');
INSERT INTO codigo (idcategoria, codigo, descripcion) VALUES (4, '711 ','Servicios técnicos de arquitectura e ingeniería y otras actividades relacionadas con el asesoramiento técnico');
INSERT INTO codigo (idcategoria, codigo, descripcion) VALUES (4, '7111','Servicios técnicos de arquitectura');
INSERT INTO codigo (idcategoria, codigo, descripcion) VALUES (4, '7112','Servicios técnicos de ingeniería y otras actividades relacionadas con el asesoramiento técnico');
INSERT INTO codigo (idcategoria, codigo, descripcion) VALUES (4, '712 ','Ensayos y análisis técnicos');
INSERT INTO codigo (idcategoria, codigo, descripcion) VALUES (4, '7120','Ensayos y análisis técnicos');
INSERT INTO codigo (idcategoria, codigo, descripcion) VALUES (4, '72  ','Investigación y desarrollo');
INSERT INTO codigo (idcategoria, codigo, descripcion) VALUES (4, '721 ','Investigación y desarrollo experimental en ciencias naturales y técnicas');
INSERT INTO codigo (idcategoria, codigo, descripcion) VALUES (4, '7211','Investigación y desarrollo experimental en biotecnología');
INSERT INTO codigo (idcategoria, codigo, descripcion) VALUES (4, '7219','Otra investigación y desarrollo experimental en ciencias naturales y técnicas');
INSERT INTO codigo (idcategoria, codigo, descripcion) VALUES (4, '722 ','Investigación y desarrollo experimental en ciencias sociales y humanidades');
INSERT INTO codigo (idcategoria, codigo, descripcion) VALUES (4, '7220','Investigación y desarrollo experimental en ciencias sociales y humanidades');
INSERT INTO codigo (idcategoria, codigo, descripcion) VALUES (4, '73  ','Publicidad y estudios de mercado');
INSERT INTO codigo (idcategoria, codigo, descripcion) VALUES (4, '731 ','Publicidad');
INSERT INTO codigo (idcategoria, codigo, descripcion) VALUES (4, '7311','Agencias de publicidad');
INSERT INTO codigo (idcategoria, codigo, descripcion) VALUES (4, '7312','Servicios de representación de medios de comunicación');
INSERT INTO codigo (idcategoria, codigo, descripcion) VALUES (4, '732 ','Estudio de mercado y realización de encuestas de opinión pública');
INSERT INTO codigo (idcategoria, codigo, descripcion) VALUES (4, '7320','Estudio de mercado y realización de encuestas de opinión pública');
INSERT INTO codigo (idcategoria, codigo, descripcion) VALUES (4, '74  ','Otras actividades profesionales, científicas y técnicas');
INSERT INTO codigo (idcategoria, codigo, descripcion) VALUES (4, '741 ','Actividades de diseńo especializado');
INSERT INTO codigo (idcategoria, codigo, descripcion) VALUES (4, '7410','Actividades de diseńo especializado');
INSERT INTO codigo (idcategoria, codigo, descripcion) VALUES (4, '742 ','Actividades de fotografía');
INSERT INTO codigo (idcategoria, codigo, descripcion) VALUES (4, '7420','Actividades de fotografía');
INSERT INTO codigo (idcategoria, codigo, descripcion) VALUES (4, '743 ','Actividades de traducción e interpretación');
INSERT INTO codigo (idcategoria, codigo, descripcion) VALUES (4, '7430','Actividades de traducción e interpretación');
INSERT INTO codigo (idcategoria, codigo, descripcion) VALUES (4, '749 ','Otras actividades profesionales, científicas y técnicas n.c.o.p.');
INSERT INTO codigo (idcategoria, codigo, descripcion) VALUES (4, '7490','Otras actividades profesionales, científicas y técnicas n.c.o.p.');
INSERT INTO codigo (idcategoria, codigo, descripcion) VALUES (4, '75  ','Actividades veterinarias');
INSERT INTO codigo (idcategoria, codigo, descripcion) VALUES (4, '750 ','Actividades veterinarias');
INSERT INTO codigo (idcategoria, codigo, descripcion) VALUES (4, '7500','Actividades veterinarias');
INSERT INTO codigo (idcategoria, codigo, descripcion) VALUES (4, 'N   ','Actividades administrativas y servicios auxliares');
INSERT INTO codigo (idcategoria, codigo, descripcion) VALUES (4, '77  ','Actividades de alquiler');
INSERT INTO codigo (idcategoria, codigo, descripcion) VALUES (4, '771 ','Alquiler de vehículos de motor');
INSERT INTO codigo (idcategoria, codigo, descripcion) VALUES (4, '7711','Alquiler de automóviles y vehículos de motor ligeros');
INSERT INTO codigo (idcategoria, codigo, descripcion) VALUES (4, '7712','Alquiler de camiones');
INSERT INTO codigo (idcategoria, codigo, descripcion) VALUES (4, '772 ','Alquiler de efectos personales y artículos de uso doméstico');
INSERT INTO codigo (idcategoria, codigo, descripcion) VALUES (4, '7721','Alquiler de artículos de ocio y deportivos');
INSERT INTO codigo (idcategoria, codigo, descripcion) VALUES (4, '7722','Alquiler de cintas de vídeo y discos');
INSERT INTO codigo (idcategoria, codigo, descripcion) VALUES (4, '7729','Alquiler de otros efectos personales y artículos de uso doméstico');
INSERT INTO codigo (idcategoria, codigo, descripcion) VALUES (4, '773 ','Alquiler de otra maquinaria, equipos y bienes tangibles');
INSERT INTO codigo (idcategoria, codigo, descripcion) VALUES (4, '7731','Alquiler de maquinaria y equipo de uso agrícola');
INSERT INTO codigo (idcategoria, codigo, descripcion) VALUES (4, '7732','Alquiler de maquinaria y equipo para la construcción e ingeniería civil');
INSERT INTO codigo (idcategoria, codigo, descripcion) VALUES (4, '7733','Alquiler de maquinaria y equipo de oficina, incluidos ordenadores');
INSERT INTO codigo (idcategoria, codigo, descripcion) VALUES (4, '7734','Alquiler de medios de navegación');
INSERT INTO codigo (idcategoria, codigo, descripcion) VALUES (4, '7735','Alquiler de medios de transporte aéreo');
INSERT INTO codigo (idcategoria, codigo, descripcion) VALUES (4, '7739','Alquiler de otra maquinaria, equipos y bienes tangibles n.c.o.p.');
INSERT INTO codigo (idcategoria, codigo, descripcion) VALUES (4, '774 ','Arrendamiento de la propiedad intelectual y productos similares, excepto trabajos protegidos por los derechos de autor');
INSERT INTO codigo (idcategoria, codigo, descripcion) VALUES (4, '7740','Arrendamiento de la propiedad intelectual y productos similares, excepto trabajos protegidos por los derechos de autor');
INSERT INTO codigo (idcategoria, codigo, descripcion) VALUES (4, '78  ','Actividades relacionadas con el empleo');
INSERT INTO codigo (idcategoria, codigo, descripcion) VALUES (4, '781 ','Actividades de las agencias de colocación');
INSERT INTO codigo (idcategoria, codigo, descripcion) VALUES (4, '7810','Actividades de las agencias de colocación');
INSERT INTO codigo (idcategoria, codigo, descripcion) VALUES (4, '782 ','Actividades de las empresas de trabajo temporal');
INSERT INTO codigo (idcategoria, codigo, descripcion) VALUES (4, '7820','Actividades de las empresas de trabajo temporal');
INSERT INTO codigo (idcategoria, codigo, descripcion) VALUES (4, '783 ','Otra provisión de recursos humanos');
INSERT INTO codigo (idcategoria, codigo, descripcion) VALUES (4, '7830','Otra provisión de recursos humanos');
INSERT INTO codigo (idcategoria, codigo, descripcion) VALUES (4, '79  ','Actividades de agencias de viajes, operadores turísticos, servicios de reservas y actividades relacionadas con los mismos');
INSERT INTO codigo (idcategoria, codigo, descripcion) VALUES (4, '791 ','Actividades de agencias de viajes y operadores turísticos');
INSERT INTO codigo (idcategoria, codigo, descripcion) VALUES (4, '7911','Actividades de las agencias de viajes');
INSERT INTO codigo (idcategoria, codigo, descripcion) VALUES (4, '7912','Actividades de los operadores turísticos');
INSERT INTO codigo (idcategoria, codigo, descripcion) VALUES (4, '799 ','Otros servicios de reservas y actividades relacionadas con los mismos');
INSERT INTO codigo (idcategoria, codigo, descripcion) VALUES (4, '7990','Otros servicios de reservas y actividades relacionadas con los mismos');
INSERT INTO codigo (idcategoria, codigo, descripcion) VALUES (4, '80  ','Actividades de seguridad e investigación');
INSERT INTO codigo (idcategoria, codigo, descripcion) VALUES (4, '801 ','Actividades de seguridad privada');
INSERT INTO codigo (idcategoria, codigo, descripcion) VALUES (4, '8010','Actividades de seguridad privada');
INSERT INTO codigo (idcategoria, codigo, descripcion) VALUES (4, '802 ','Servicios de sistemas de seguridad');
INSERT INTO codigo (idcategoria, codigo, descripcion) VALUES (4, '8020','Servicios de sistemas de seguridad');
INSERT INTO codigo (idcategoria, codigo, descripcion) VALUES (4, '803 ','Actividades de investigación');
INSERT INTO codigo (idcategoria, codigo, descripcion) VALUES (4, '8030','Actividades de investigación');
INSERT INTO codigo (idcategoria, codigo, descripcion) VALUES (4, '81  ','Servicios a edificios y actividades de jardinería');
INSERT INTO codigo (idcategoria, codigo, descripcion) VALUES (4, '811 ','Servicios integrales a edificios e instalaciones');
INSERT INTO codigo (idcategoria, codigo, descripcion) VALUES (4, '8110','Servicios integrales a edificios e instalaciones');
INSERT INTO codigo (idcategoria, codigo, descripcion) VALUES (4, '812 ','Actividades de limpieza');
INSERT INTO codigo (idcategoria, codigo, descripcion) VALUES (4, '8121','Limpieza general de edificios');
INSERT INTO codigo (idcategoria, codigo, descripcion) VALUES (4, '8122','Otras actividades de limpieza industrial y de edificios');
INSERT INTO codigo (idcategoria, codigo, descripcion) VALUES (4, '8129','Otras actividades de limpieza');
INSERT INTO codigo (idcategoria, codigo, descripcion) VALUES (4, '813 ','Actividades de jardinería');
INSERT INTO codigo (idcategoria, codigo, descripcion) VALUES (4, '8130','Actividades de jardinería');
INSERT INTO codigo (idcategoria, codigo, descripcion) VALUES (4, '82  ','Actividades administrativas de oficina y otras actividades auxiliares a las empresas');
INSERT INTO codigo (idcategoria, codigo, descripcion) VALUES (4, '821 ','Actividades administrativas y auxiliares de oficina');
INSERT INTO codigo (idcategoria, codigo, descripcion) VALUES (4, '8211','Servicios administrativos combinados');
INSERT INTO codigo (idcategoria, codigo, descripcion) VALUES (4, '8219','Actividades de fotocopiado, preparación de documentos y otras actividades especializadas de oficina');
INSERT INTO codigo (idcategoria, codigo, descripcion) VALUES (4, '822 ','Actividades de los centros de llamadas');
INSERT INTO codigo (idcategoria, codigo, descripcion) VALUES (4, '8220','Actividades de los centros de llamadas');
INSERT INTO codigo (idcategoria, codigo, descripcion) VALUES (4, '823 ','Organización de convenciones y ferias de muestras');
INSERT INTO codigo (idcategoria, codigo, descripcion) VALUES (4, '8230','Organización de convenciones y ferias de muestras');
INSERT INTO codigo (idcategoria, codigo, descripcion) VALUES (4, '829 ','Actividades de apoyo a las empresas n.c.o.p.');
INSERT INTO codigo (idcategoria, codigo, descripcion) VALUES (4, '8291','Actividades de las agencias de cobros y de información comercial');
INSERT INTO codigo (idcategoria, codigo, descripcion) VALUES (4, '8292','Actividades de envasado y empaquetado');
INSERT INTO codigo (idcategoria, codigo, descripcion) VALUES (4, '8299','Otras actividades de apoyo a las empresas n.c.o.p.');
INSERT INTO codigo (idcategoria, codigo, descripcion) VALUES (4, 'O   ','Administración Pública y defensa. Seguridad Social obligatoria');
INSERT INTO codigo (idcategoria, codigo, descripcion) VALUES (4, '84  ','Administración Pública y defensa. Seguridad Social obligatoria');
INSERT INTO codigo (idcategoria, codigo, descripcion) VALUES (4, '841 ','Administración Pública y de la política económica y social');
INSERT INTO codigo (idcategoria, codigo, descripcion) VALUES (4, '8411','Actividades generales de la Administración Pública');
INSERT INTO codigo (idcategoria, codigo, descripcion) VALUES (4, '8412','Regulación de las actividades sanitarias, educativas y culturales y otros servicios sociales, excepto Seguridad Social');
INSERT INTO codigo (idcategoria, codigo, descripcion) VALUES (4, '8413','Regulación de la actividad económica y contribución a su mayor eficiencia');
INSERT INTO codigo (idcategoria, codigo, descripcion) VALUES (4, '842 ','Prestación de servicios a la comunidad en general');
INSERT INTO codigo (idcategoria, codigo, descripcion) VALUES (4, '8421','Asuntos exteriores');
INSERT INTO codigo (idcategoria, codigo, descripcion) VALUES (4, '8422','Defensa');
INSERT INTO codigo (idcategoria, codigo, descripcion) VALUES (4, '8423','Justicia');
INSERT INTO codigo (idcategoria, codigo, descripcion) VALUES (4, '8424','Orden público y seguridad');
INSERT INTO codigo (idcategoria, codigo, descripcion) VALUES (4, '8425','Protección civil');
INSERT INTO codigo (idcategoria, codigo, descripcion) VALUES (4, '843 ','Seguridad Social obligatoria');
INSERT INTO codigo (idcategoria, codigo, descripcion) VALUES (4, '8430','Seguridad Social obligatoria');
INSERT INTO codigo (idcategoria, codigo, descripcion) VALUES (4, 'P   ','Educación');
INSERT INTO codigo (idcategoria, codigo, descripcion) VALUES (4, '85  ','Educación');
INSERT INTO codigo (idcategoria, codigo, descripcion) VALUES (4, '851 ','Educación preprimaria');
INSERT INTO codigo (idcategoria, codigo, descripcion) VALUES (4, '8510','Educación preprimaria');
INSERT INTO codigo (idcategoria, codigo, descripcion) VALUES (4, '852 ','Educación primaria');
INSERT INTO codigo (idcategoria, codigo, descripcion) VALUES (4, '8520','Educación primaria');
INSERT INTO codigo (idcategoria, codigo, descripcion) VALUES (4, '853 ','Educación secundaria');
INSERT INTO codigo (idcategoria, codigo, descripcion) VALUES (4, '8531','Educación secundaria general');
INSERT INTO codigo (idcategoria, codigo, descripcion) VALUES (4, '8532','Educación secundaria técnica y profesional');
INSERT INTO codigo (idcategoria, codigo, descripcion) VALUES (4, '854 ','Educación postsecundaria');
INSERT INTO codigo (idcategoria, codigo, descripcion) VALUES (4, '8541','Educación postsecundaria no terciaria');
INSERT INTO codigo (idcategoria, codigo, descripcion) VALUES (4, '8543','Educación universitaria');
INSERT INTO codigo (idcategoria, codigo, descripcion) VALUES (4, '8544','Educación terciaria no universitaria');
INSERT INTO codigo (idcategoria, codigo, descripcion) VALUES (4, '855 ','Otra educación');
INSERT INTO codigo (idcategoria, codigo, descripcion) VALUES (4, '8551','Educación deportiva y recreativa');
INSERT INTO codigo (idcategoria, codigo, descripcion) VALUES (4, '8552','Educación cultural');
INSERT INTO codigo (idcategoria, codigo, descripcion) VALUES (4, '8553','Actividades de las escuelas de conducción y pilotaje');
INSERT INTO codigo (idcategoria, codigo, descripcion) VALUES (4, '8559','Otra educación n.c.o.p.');
INSERT INTO codigo (idcategoria, codigo, descripcion) VALUES (4, '856 ','Actividades auxiliares a la educación');
INSERT INTO codigo (idcategoria, codigo, descripcion) VALUES (4, '8560','Actividades auxiliares a la educación');
INSERT INTO codigo (idcategoria, codigo, descripcion) VALUES (4, 'Q   ','Actividades sanitarias y de servicios sociales');
INSERT INTO codigo (idcategoria, codigo, descripcion) VALUES (4, '86  ','Actividades sanitarias');
INSERT INTO codigo (idcategoria, codigo, descripcion) VALUES (4, '861 ','Actividades hospitalarias');
INSERT INTO codigo (idcategoria, codigo, descripcion) VALUES (4, '8610','Actividades hospitalarias');
INSERT INTO codigo (idcategoria, codigo, descripcion) VALUES (4, '862 ','Actividades médicas y odontológicas');
INSERT INTO codigo (idcategoria, codigo, descripcion) VALUES (4, '8621','Actividades de medicina general');
INSERT INTO codigo (idcategoria, codigo, descripcion) VALUES (4, '8622','Actividades de medicina especializada');
INSERT INTO codigo (idcategoria, codigo, descripcion) VALUES (4, '8623','Actividades odontológicas');
INSERT INTO codigo (idcategoria, codigo, descripcion) VALUES (4, '869 ','Otras actividades sanitarias');
INSERT INTO codigo (idcategoria, codigo, descripcion) VALUES (4, '8690','Otras actividades sanitarias');
INSERT INTO codigo (idcategoria, codigo, descripcion) VALUES (4, '87  ','Asistencia en establecimientos residenciales');
INSERT INTO codigo (idcategoria, codigo, descripcion) VALUES (4, '871 ','Asistencia en establecimientos residenciales con cuidados sanitarios');
INSERT INTO codigo (idcategoria, codigo, descripcion) VALUES (4, '8710','Asistencia en establecimientos residenciales con cuidados sanitarios');
INSERT INTO codigo (idcategoria, codigo, descripcion) VALUES (4, '872 ','Asistencia en establecimientos residenciales para personas con discapacidad intelectual, enfermedad mental y drogodependencia');
INSERT INTO codigo (idcategoria, codigo, descripcion) VALUES (4, '8720','Asistencia en establecimientos residenciales para personas con discapacidad intelectual, enfermedad mental y drogodependencia');
INSERT INTO codigo (idcategoria, codigo, descripcion) VALUES (4, '873 ','Asistencia en establecimientos residenciales para personas mayores y con discapacidad física');
INSERT INTO codigo (idcategoria, codigo, descripcion) VALUES (4, '8731','Asistencia en establecimientos residenciales para personas mayores');
INSERT INTO codigo (idcategoria, codigo, descripcion) VALUES (4, '8732','Asistencia en establecimientos residenciales para personas con discapacidad física');
INSERT INTO codigo (idcategoria, codigo, descripcion) VALUES (4, '879 ','Otras actividades de asistencia en establecimientos residenciales');
INSERT INTO codigo (idcategoria, codigo, descripcion) VALUES (4, '8790','Otras actividades de asistencia en establecimientos residenciales');
INSERT INTO codigo (idcategoria, codigo, descripcion) VALUES (4, '88  ','Actividades de servicios sociales sin alojamiento');
INSERT INTO codigo (idcategoria, codigo, descripcion) VALUES (4, '881 ','Actividades de servicios sociales sin alojamiento para personas mayores y con discapacidad');
INSERT INTO codigo (idcategoria, codigo, descripcion) VALUES (4, '8811','Actividades de servicios sociales sin alojamiento para personas mayores');
INSERT INTO codigo (idcategoria, codigo, descripcion) VALUES (4, '8812','Actividades de servicios sociales sin alojamiento para personas con discapacidad');
INSERT INTO codigo (idcategoria, codigo, descripcion) VALUES (4, '889 ','Otros actividades de servicios sociales sin alojamiento');
INSERT INTO codigo (idcategoria, codigo, descripcion) VALUES (4, '8891','Actividades de cuidado diurno de niños');
INSERT INTO codigo (idcategoria, codigo, descripcion) VALUES (4, '8899','Otros actividades de servicios sociales sin alojamiento n.c.o.p.');
INSERT INTO codigo (idcategoria, codigo, descripcion) VALUES (4, 'R   ','Actividades artísticas, recreativas y de entrenimiento');
INSERT INTO codigo (idcategoria, codigo, descripcion) VALUES (4, '90  ','Actividades de creación, artísticas y espectáculos');
INSERT INTO codigo (idcategoria, codigo, descripcion) VALUES (4, '900 ','Actividades de creación, artísticas y espectáculos');
INSERT INTO codigo (idcategoria, codigo, descripcion) VALUES (4, '9001','Artes escénicas');
INSERT INTO codigo (idcategoria, codigo, descripcion) VALUES (4, '9002','Actividades auxiliares a las artes escénicas');
INSERT INTO codigo (idcategoria, codigo, descripcion) VALUES (4, '9003','Creación artística y literaria');
INSERT INTO codigo (idcategoria, codigo, descripcion) VALUES (4, '9004','Gestión de salas de espectáculos');
INSERT INTO codigo (idcategoria, codigo, descripcion) VALUES (4, '91  ','Actividades de bibliotecas, archivos, museos y otras actividades culturales');
INSERT INTO codigo (idcategoria, codigo, descripcion) VALUES (4, '910 ','Actividades de bibliotecas, archivos, museos y otras actividades culturales');
INSERT INTO codigo (idcategoria, codigo, descripcion) VALUES (4, '9102','Actividades de museos');
INSERT INTO codigo (idcategoria, codigo, descripcion) VALUES (4, '9103','Gestión de lugares y edificios históricos');
INSERT INTO codigo (idcategoria, codigo, descripcion) VALUES (4, '9104','Actividades de los jardines botánicos, parques zoológicos y reservas naturales');
INSERT INTO codigo (idcategoria, codigo, descripcion) VALUES (4, '9105','Actividades de bibliotecas');
INSERT INTO codigo (idcategoria, codigo, descripcion) VALUES (4, '9106','Actividades de archivos');
INSERT INTO codigo (idcategoria, codigo, descripcion) VALUES (4, '92  ','Actividades de juegos de azar y apuestas');
INSERT INTO codigo (idcategoria, codigo, descripcion) VALUES (4, '920 ','Actividades de juegos de azar y apuestas');
INSERT INTO codigo (idcategoria, codigo, descripcion) VALUES (4, '9200','Actividades de juegos de azar y apuestas');
INSERT INTO codigo (idcategoria, codigo, descripcion) VALUES (4, '93  ','Actividades deportivas, recreativas y de entretenimiento');
INSERT INTO codigo (idcategoria, codigo, descripcion) VALUES (4, '931 ','Actividades deportivas');
INSERT INTO codigo (idcategoria, codigo, descripcion) VALUES (4, '9311','Gestión de instalaciones deportivas');
INSERT INTO codigo (idcategoria, codigo, descripcion) VALUES (4, '9312','Actividades de los clubes deportivos');
INSERT INTO codigo (idcategoria, codigo, descripcion) VALUES (4, '9313','Actividades de los gimnasios');
INSERT INTO codigo (idcategoria, codigo, descripcion) VALUES (4, '9319','Otras actividades deportivas');
INSERT INTO codigo (idcategoria, codigo, descripcion) VALUES (4, '932 ','Actividades recreativas y de entretenimiento');
INSERT INTO codigo (idcategoria, codigo, descripcion) VALUES (4, '9321','Actividades de los parques de atracciones y los parques temáticos');
INSERT INTO codigo (idcategoria, codigo, descripcion) VALUES (4, '9329','Otras actividades recreativas y de entretenimiento');
INSERT INTO codigo (idcategoria, codigo, descripcion) VALUES (4, 'S   ','Otros servicios');
INSERT INTO codigo (idcategoria, codigo, descripcion) VALUES (4, '94  ','Actividades asociativas');
INSERT INTO codigo (idcategoria, codigo, descripcion) VALUES (4, '941 ','Actividades de organizaciones empresariales, profesionales y patronales');
INSERT INTO codigo (idcategoria, codigo, descripcion) VALUES (4, '9411','Actividades de organizaciones empresariales y patronales');
INSERT INTO codigo (idcategoria, codigo, descripcion) VALUES (4, '9412','Actividades de organizaciones profesionales');
INSERT INTO codigo (idcategoria, codigo, descripcion) VALUES (4, '942 ','Actividades sindicales');
INSERT INTO codigo (idcategoria, codigo, descripcion) VALUES (4, '9420','Actividades sindicales');
INSERT INTO codigo (idcategoria, codigo, descripcion) VALUES (4, '949 ','Otras actividades asociativas');
INSERT INTO codigo (idcategoria, codigo, descripcion) VALUES (4, '9491','Actividades de organizaciones religiosas');
INSERT INTO codigo (idcategoria, codigo, descripcion) VALUES (4, '9492','Actividades de organizaciones políticas');
INSERT INTO codigo (idcategoria, codigo, descripcion) VALUES (4, '9499','Otras actividades asociativas n.c.o.p.');
INSERT INTO codigo (idcategoria, codigo, descripcion) VALUES (4, '95  ','Reparación de ordenadores, efectos personales y artículos de uso doméstico');
INSERT INTO codigo (idcategoria, codigo, descripcion) VALUES (4, '951 ','Reparación de ordenadores y equipos de comunicación');
INSERT INTO codigo (idcategoria, codigo, descripcion) VALUES (4, '9511','Reparación de ordenadores y equipos periféricos');
INSERT INTO codigo (idcategoria, codigo, descripcion) VALUES (4, '9512','Reparación de equipos de comunicación');
INSERT INTO codigo (idcategoria, codigo, descripcion) VALUES (4, '952R','eparación de efectos personales y artículos de uso doméstico');
INSERT INTO codigo (idcategoria, codigo, descripcion) VALUES (4, '9521','Reparación de aparatos electrónicos de audio y vídeo de uso doméstico');
INSERT INTO codigo (idcategoria, codigo, descripcion) VALUES (4, '9522','Reparación de aparatos electrodomésticos y de equipos para el hogar y el jardín');
INSERT INTO codigo (idcategoria, codigo, descripcion) VALUES (4, '9523','Reparación de calzado y artículos de cuero');
INSERT INTO codigo (idcategoria, codigo, descripcion) VALUES (4, '9524','Reparación de muebles y artículos de menaje');
INSERT INTO codigo (idcategoria, codigo, descripcion) VALUES (4, '9525','Reparación de relojes y joyería');
INSERT INTO codigo (idcategoria, codigo, descripcion) VALUES (4, '9529','Reparación de otros efectos personales y artículos de uso doméstico');
INSERT INTO codigo (idcategoria, codigo, descripcion) VALUES (4, '96  ','Otros servicios personales');
INSERT INTO codigo (idcategoria, codigo, descripcion) VALUES (4, '960 ','Otros servicios personales');
INSERT INTO codigo (idcategoria, codigo, descripcion) VALUES (4, '9601','Lavado y limpieza de prendas textiles y de piel');
INSERT INTO codigo (idcategoria, codigo, descripcion) VALUES (4, '9602','Peluquería y otros tratamientos de belleza');
INSERT INTO codigo (idcategoria, codigo, descripcion) VALUES (4, '9603','Pompas fúnebres y actividades relacionadas');
INSERT INTO codigo (idcategoria, codigo, descripcion) VALUES (4, '9604','Actividades de mantenimiento físico');
INSERT INTO codigo (idcategoria, codigo, descripcion) VALUES (4, '9609','Otras servicios personales n.c.o.p.');
INSERT INTO codigo (idcategoria, codigo, descripcion) VALUES (4, 'T   ','Actividades de los hogares como empleadores de personal doméstico. Actividades de los hogares como productores de bienes y servicios para uso propio');
INSERT INTO codigo (idcategoria, codigo, descripcion) VALUES (4, '97  ','Actividades de los hogares como empleadores de personal doméstico');
INSERT INTO codigo (idcategoria, codigo, descripcion) VALUES (4, '970 ','Actividades de los hogares como empleadores de personal doméstico');
INSERT INTO codigo (idcategoria, codigo, descripcion) VALUES (4, '9700','Actividades de los hogares como empleadores de personal doméstico');
INSERT INTO codigo (idcategoria, codigo, descripcion) VALUES (4, '98  ','Actividades de los hogares como productores de bienes y servicios para uso propio');
INSERT INTO codigo (idcategoria, codigo, descripcion) VALUES (4, '981 ','Actividades de los hogares como productores de bienes para uso propio');
INSERT INTO codigo (idcategoria, codigo, descripcion) VALUES (4, '9810','Actividades de los hogares como productores de bienes para uso propio');
INSERT INTO codigo (idcategoria, codigo, descripcion) VALUES (4, '982 ','Actividades de los hogares como productores de servicios para uso propio');
INSERT INTO codigo (idcategoria, codigo, descripcion) VALUES (4, '9820','Actividades de los hogares como productores de servicios para uso propio');
INSERT INTO codigo (idcategoria, codigo, descripcion) VALUES (4, 'U   ','Actividades de organizaciones y organismos extraterritoriales');
INSERT INTO codigo (idcategoria, codigo, descripcion) VALUES (4, '99  ','Actividades de organizaciones y organismos extraterritoriales');
INSERT INTO codigo (idcategoria, codigo, descripcion) VALUES (4, '990 ','Actividades de organizaciones y organismos extraterritoriales');
INSERT INTO codigo (idcategoria, codigo, descripcion) VALUES (4, '9900','Actividades de organizaciones y organismos extraterritoriales');

INSERT INTO categoria (idcategoria, categoria, descripcion, tipo, longitud) VALUES (5, 'ORIGEN', 'Origen de datos', 'A', 0);
INSERT INTO codigo (idcategoria, codigo, descripcion) VALUES (5, 'OTR'   , 'Otro origen');
INSERT INTO codigo (idcategoria, codigo, descripcion) VALUES (5, 'MAN'   , 'Manual');
INSERT INTO codigo (idcategoria, codigo, descripcion) VALUES (5, 'CRMCTL', 'CRM Central');


INSERT INTO categoria (idcategoria, categoria, descripcion, tipo, longitud) VALUES (6, 'ESTADOCP', 'Estados de los clientes potenciales', 'A', 0);
INSERT INTO codigo (idcategoria, orden, codigo, descripcion) VALUES (6, 1, 'OTREST' , 'Otro estado');
INSERT INTO codigo (idcategoria, orden, codigo, descripcion) VALUES (6, 2, 'PTECTO' , 'Pendiente de contacto');
INSERT INTO codigo (idcategoria, orden, codigo, descripcion) VALUES (6, 3, 'PTEVST' , 'Pendiente visita');
INSERT INTO codigo (idcategoria, orden, codigo, descripcion) VALUES (6, 4, 'VISNEG' , 'Visita negativa');
INSERT INTO codigo (idcategoria, orden, codigo, descripcion) VALUES (6, 5, 'PTEOFE' , 'Pendiente oferta');
INSERT INTO codigo (idcategoria, orden, codigo, descripcion) VALUES (6, 6, 'PTEOFE' , 'Oferta presentada');
INSERT INTO codigo (idcategoria, orden, codigo, descripcion) VALUES (6, 7, 'PTENEG' , 'Pendiente negociación');
INSERT INTO codigo (idcategoria, orden, codigo, descripcion) VALUES (6, 8, 'PTEIPR' , 'Pendiente inicio de producción');
INSERT INTO codigo (idcategoria, orden, codigo, descripcion) VALUES (6, 9, 'ABOEPR' , 'En producción');

INSERT INTO categoria (idcategoria, categoria, descripcion, tipo, longitud) VALUES (7, 'CATSOPENV', 'Categorías del soporte de envíos'     , 'A', 0);
INSERT INTO codigo (idcategoria, codigo, descripcion) VALUES (7, 'SOPORTE'    , 'Solicitud de soporte');
INSERT INTO codigo (idcategoria, codigo, descripcion) VALUES (7, 'INCIDENCIA' , 'Incidencia de envío');

INSERT INTO categoria (idcategoria, categoria, descripcion, tipo, longitud) VALUES (8, 'CATSOPFAC', 'Categorías del soporte de facturación', 'A', 0);
INSERT INTO codigo (idcategoria, codigo, descripcion) VALUES (8, 'SOPORTE'    , 'Solicitud de soporte');
INSERT INTO codigo (idcategoria, codigo, descripcion) VALUES (8, 'INCIDENCIA' , 'Incidencia de facturación');

INSERT INTO categoria (idcategoria, categoria, descripcion, tipo, longitud) VALUES (9, 'ESTSOPENV', 'Estados de los soportes de envíos.'     , 'A', 0);
INSERT INTO codigo (idcategoria, codigo, descripcion) VALUES (9, 'NUEVA'    , 'Nueva');

INSERT INTO categoria (idcategoria, categoria, descripcion, tipo, longitud) VALUES (10, 'ESTSOPFAC', 'Estados de los soportes de facturación.'     , 'A', 0);
INSERT INTO codigo (idcategoria, codigo, descripcion) VALUES (10, 'NUEVA'    , 'Nueva');

INSERT INTO categoria (idcategoria, categoria, descripcion, tipo, longitud) VALUES (11, 'CATOBJ', 'Categorias de los objetivos.'     , 'A', 0);
INSERT INTO codigo    (idcategoria, codigo, descripcion) VALUES (11, 'VIS'    , 'Visitas');
INSERT INTO codigo    (idcategoria, codigo, descripcion) VALUES (11, 'OFE'    , 'Ofertas');
INSERT INTO codigo    (idcategoria, codigo, descripcion) VALUES (11, 'ALT'    , 'Altas');
INSERT INTO codigo    (idcategoria, codigo, descripcion) VALUES (11, 'FAC'    , 'Facturación');


INSERT INTO jornada (idcomercial, horas, finicio, ffin) VALUES (  1, 8, '2021-01-01', '2021-12-31');
INSERT INTO jornada (idcomercial, horas, finicio, ffin) VALUES (  2, 8, '2021-01-01', '2021-12-31');
INSERT INTO jornada (idcomercial, horas, finicio, ffin) VALUES (  3, 8, '2021-01-01', '2021-12-31');
INSERT INTO jornada (idcomercial, horas, finicio, ffin) VALUES (  4, 8, '2021-01-01', '2021-12-31');
INSERT INTO jornada (idcomercial, horas, finicio, ffin) VALUES (  5, 5, '2021-01-01', '2021-12-31');
INSERT INTO jornada (idcomercial, horas, finicio, ffin) VALUES (  6, 8, '2021-01-01', '2021-12-31');
INSERT INTO jornada (idcomercial, horas, finicio, ffin) VALUES (  7, 8, '2021-01-01', '2021-12-31');
INSERT INTO jornada (idcomercial, horas, finicio, ffin) VALUES (  8, 5, '2021-01-01', '2021-12-31');
INSERT INTO jornada (idcomercial, horas, finicio, ffin) VALUES (  9, 8, '2021-01-01', '2021-12-31');
INSERT INTO jornada (idcomercial, horas, finicio, ffin) VALUES ( 10, 5, '2021-01-01', '2021-12-31');
INSERT INTO jornada (idcomercial, horas, finicio, ffin) VALUES ( 11, 5, '2021-01-01', '2021-12-31');
INSERT INTO jornada (idcomercial, horas, finicio, ffin) VALUES ( 12, 5, '2021-01-01', '2021-12-31');
INSERT INTO jornada (idcomercial, horas, finicio, ffin) VALUES ( 13, 8, '2021-01-01', '2021-12-31');
INSERT INTO jornada (idcomercial, horas, finicio, ffin) VALUES ( 14, 8, '2021-01-01', '2021-12-31');

INSERT INTO festivo (fecha, tipo) VALUES ('2021-01-01', 'N');
INSERT INTO festivo (fecha, tipo) VALUES ('2021-01-06', 'N');
INSERT INTO festivo (fecha, tipo) VALUES ('2021-03-19', 'N');
INSERT INTO festivo (fecha, tipo) VALUES ('2021-04-01', 'N');
INSERT INTO festivo (fecha, tipo) VALUES ('2021-04-02', 'N');
INSERT INTO festivo (fecha, tipo) VALUES ('2021-05-01', 'N');
INSERT INTO festivo (fecha, tipo) VALUES ('2021-05-03', 'A');
INSERT INTO festivo (fecha, tipo) VALUES ('2021-10-12', 'N');
INSERT INTO festivo (fecha, tipo) VALUES ('2021-11-01', 'N');
INSERT INTO festivo (fecha, tipo) VALUES ('2021-12-06', 'N');
INSERT INTO festivo (fecha, tipo) VALUES ('2021-12-08', 'N');
INSERT INTO festivo (fecha, tipo) VALUES ('2021-12-25', 'N');

INSERT INTO servidor (nombre, ippublica,ipprivada,factualizacion,ubicacion) VALUES ('sace00'          ,'212.231.185.45','192.168.200.249:22000',NULL                 ,'02651-LAS ROZAS / YOIGO');
INSERT INTO servidor (nombre, ippublica,ipprivada,factualizacion,ubicacion) VALUES ('sace01'          ,'81.33.49.233'  ,'192.168.200.252:22001','2022-03-01 15:00:01','02651-LAS ROZAS / MOVISTAR');
INSERT INTO servidor (nombre, ippublica,ipprivada,factualizacion,ubicacion) VALUES ('sace02'          ,'212.231.185.45','192.168.200.247:22002',NULL                 ,'02651-LAS ROZAS / YOIGO');
INSERT INTO servidor (nombre, ippublica,ipprivada,factualizacion,ubicacion) VALUES ('sace03'          ,'81.37.187.124' ,'192.168.200.248:22003','2022-03-01 15:00:01','02607-MAJADAHONDA');
INSERT INTO servidor (nombre, ippublica,ipprivada,factualizacion,ubicacion) VALUES ('sstm00'          ,'212.231.185.45','192.168.200.139:22004',NULL                 ,'02651-LAS ROZAS /YOIGO');
INSERT INTO servidor (nombre, ippublica,ipprivada,factualizacion,ubicacion) VALUES ('ub64'            ,'212.231.185.45','192.168.200.252:21999',NULL                 ,'02651-LAS ROZAS / YOIGO');
INSERT INTO servidor (nombre, ippublica,ipprivada,factualizacion,ubicacion) VALUES ('PCINFORMATICA002',NULL            ,NULL                   ,NULL                 ,NULL);
INSERT INTO servidor (nombre, ippublica,ipprivada,factualizacion,ubicacion) VALUES ('optiplex740'     ,'95.18.235.32'  ,'192.168.200.246:22000','2022-03-01 15:00:01','-');
INSERT INTO servidor (nombre, ippublica,ipprivada,factualizacion,ubicacion) VALUES ('XUB64'           ,NULL            ,NULL                   ,NULL                 ,NULL);


INSERT INTO categoria (idcategoria, categoria, descripcion, tipo, longitud) VALUES (12, 'FPAG', 'Formas de pago.'     , 'A', 0);
INSERT INTO codigo    (idcategoria, orden, codigo, descripcion) VALUES (12, 1, 'OFP'    , 'Otra forma de pago');
INSERT INTO codigo    (idcategoria, orden, codigo, descripcion) VALUES (12, 2, 'DOM'    , 'Domiciliación bancaria');
INSERT INTO codigo    (idcategoria, orden, codigo, descripcion) VALUES (12, 3, 'TRF'    , 'Transferencia');
INSERT INTO codigo    (idcategoria, orden, codigo, descripcion) VALUES (12, 4, 'TAL'    , 'Talón');
INSERT INTO codigo    (idcategoria, orden, codigo, descripcion) VALUES (12, 5, 'PAG'    , 'Pagaré');
INSERT INTO codigo    (idcategoria, orden, codigo, descripcion) VALUES (12, 6, 'CON'    , 'Confirming');

INSERT INTO categoria (idcategoria, categoria, descripcion, tipo, longitud) VALUES (13, 'VTOS', 'Vencimientos.'     , 'A', 0);
INSERT INTO codigo    (idcategoria, orden, codigo, descripcion) VALUES (13, 1, '00A09'    , 'Menos de diez días');
INSERT INTO codigo    (idcategoria, orden, codigo, descripcion) VALUES (13, 2, '10A29'    , 'Entre diez y treinta días');
INSERT INTO codigo    (idcategoria, orden, codigo, descripcion) VALUES (13, 3, '30A59'    , 'De treinta a sesenta días');
INSERT INTO codigo    (idcategoria, orden, codigo, descripcion) VALUES (13, 4, '60AXX'    , 'Mas de sesenta días');

INSERT INTO categoria (idcategoria, categoria, descripcion, tipo, longitud) VALUES (14, 'EAC', 'Estados acciones comerciales.'     , 'A', 0);
INSERT INTO codigo    (idcategoria, orden, codigo, descripcion) VALUES (14, 1, 'EN CURSO'    , 'En curso');
INSERT INTO codigo    (idcategoria, orden, codigo, descripcion) VALUES (14, 2, 'APLAZADA'    , 'Aplazada');
INSERT INTO codigo    (idcategoria, orden, codigo, descripcion) VALUES (14, 3, 'FINALIZADA'  , 'Finalizada');
INSERT INTO codigo    (idcategoria, orden, codigo, descripcion) VALUES (14, 4, 'GANADA'      , 'Ganada');
INSERT INTO codigo    (idcategoria, orden, codigo, descripcion) VALUES (14, 5, 'PERDIDA'     , 'Perdida');

INSERT INTO categoria (idcategoria, categoria, descripcion, tipo, longitud) VALUES (15, 'TACOM', 'Tipos de acciones comerciales.'     , 'A', 0);
INSERT INTO codigo    (idcategoria, orden, codigo, descripcion) VALUES (15, 1, 'FASAN'      , 'Analisis de necesidades');
INSERT INTO codigo    (idcategoria, orden, codigo, descripcion) VALUES (15, 2, 'FASPO'      , 'Presentación de oferta');
INSERT INTO codigo    (idcategoria, orden, codigo, descripcion) VALUES (15, 3, 'FASCO'      , 'Cierre de oferta');
INSERT INTO codigo    (idcategoria, orden, codigo, descripcion) VALUES (15, 4, 'OTAC'       , 'Otro tipo de acción comercial');
INSERT INTO codigo    (idcategoria, orden, codigo, descripcion) VALUES (15, 5, 'SAC'        , 'Sin actividad comercial');

INSERT INTO categoria (idcategoria, categoria, descripcion, tipo, longitud) VALUES (16, 'TOFE', 'Tipos de ofertas.'     , 'A', 0);
INSERT INTO codigo    (idcategoria, orden, codigo, descripcion) VALUES (16, 1, 'TOFICIAL'   , 'Tarifa oficial');
INSERT INTO codigo    (idcategoria, orden, codigo, descripcion) VALUES (16, 2, 'GO50'       , 'GO50');
INSERT INTO codigo    (idcategoria, orden, codigo, descripcion) VALUES (16, 3, 'GO200'      , 'GO200');
INSERT INTO codigo    (idcategoria, orden, codigo, descripcion) VALUES (16, 4, 'IMPCLI'     , 'Impulso Clinic');
INSERT INTO codigo    (idcategoria, orden, codigo, descripcion) VALUES (16, 5, 'ECSTARTUP'  , 'eCommerce - Startup');
INSERT INTO codigo    (idcategoria, orden, codigo, descripcion) VALUES (16, 6, 'ECBUSINESS' , 'eCommerce - Business');
INSERT INTO codigo    (idcategoria, orden, codigo, descripcion) VALUES (16, 7, 'ECPRO'      , 'eCommerce - Proffesional');
INSERT INTO codigo    (idcategoria, orden, codigo, descripcion) VALUES (16, 8, 'GCSIMPLE'   , 'GC Simple');
INSERT INTO codigo    (idcategoria, orden, codigo, descripcion) VALUES (16, 9, 'GCSIMPLE'   , 'GC Corporativa');
INSERT INTO codigo    (idcategoria, orden, codigo, descripcion) VALUES (16,10, 'EC'         , 'EC');

INSERT INTO categoria (idcategoria, categoria, descripcion, tipo, longitud) VALUES (17, 'CATAGR', 'Categorias de agregacion.'     , 'A', 0);
INSERT INTO codigo    (idcategoria, orden, codigo, descripcion) VALUES (17, 1, 'MARGEN'   , 'Margen');

INSERT INTO categoria (idcategoria, categoria, descripcion, tipo, longitud) VALUES (18, 'ESTADOABO', 'Estados de los abonados', 'A', 0);
INSERT INTO codigo (idcategoria, orden, codigo, descripcion) VALUES (18, 1, 'ABOAC' , 'Activo');
INSERT INTO codigo (idcategoria, orden, codigo, descripcion) VALUES (18, 2, 'ABOIN' , 'Inactivo');

INSERT INTO categoria (idcategoria, categoria, descripcion, tipo, longitud) VALUES (19, 'TPDIR', 'Tipo de dirección', 'A', 0);
INSERT INTO codigo (idcategoria, orden, codigo, descripcion) VALUES (19, 1, 'FIS' , 'Fiscal');
INSERT INTO codigo (idcategoria, orden, codigo, descripcion) VALUES (19, 2, 'FAC' , 'Facturación');
INSERT INTO codigo (idcategoria, orden, codigo, descripcion) VALUES (19, 3, 'REC' , 'Recogida');

INSERT INTO categoria (idcategoria, categoria, descripcion, tipo, longitud) VALUES (20, 'ESTENV', 'Estados de los envíos', 'A', 0);
INSERT INTO codigo (idcategoria, orden, codigo, descripcion) VALUES (20, 1, 'ENVCAN' , 'Envío cancelado');
INSERT INTO codigo (idcategoria, orden, codigo, descripcion) VALUES (20, 2, 'RECPDT' , 'Recogida pendiente');
INSERT INTO codigo (idcategoria, orden, codigo, descripcion) VALUES (20, 3, 'RECFIN' , 'Recogida finalizada');
INSERT INTO codigo (idcategoria, orden, codigo, descripcion) VALUES (20, 4, 'ENTPDT' , 'Entrega pendiente');
INSERT INTO codigo (idcategoria, orden, codigo, descripcion) VALUES (20, 5, 'ENTFIN' , 'Entrega finalizada');
INSERT INTO codigo (idcategoria, orden, codigo, descripcion) VALUES (20, 6, 'ENTCAN' , 'Entrega cancelada');
INSERT INTO codigo (idcategoria, orden, codigo, descripcion) VALUES (20, 7, 'ENVTRT' , 'En tránsito');
INSERT INTO codigo (idcategoria, orden, codigo, descripcion) VALUES (20, 8, 'TRTINT' , 'Transito interno');
INSERT INTO codigo (idcategoria, orden, codigo, descripcion) VALUES (20, 9, 'ENVAUS' , 'Destinatario ausente o cerrado');
INSERT INTO codigo (idcategoria, orden, codigo, descripcion) VALUES (20,10, 'ENVREP' , 'Envío en reparto');
INSERT INTO codigo (idcategoria, orden, codigo, descripcion) VALUES (20,11, 'ENVPRFD', 'Pendiente de recoger en franquicia destino');
INSERT INTO codigo (idcategoria, orden, codigo, descripcion) VALUES (20,12, 'ENVCPE' , 'Concertada próxima entrega');
INSERT INTO codigo (idcategoria, orden, codigo, descripcion) VALUES (20,13, 'ENVEAPC', 'Entrega aplazada pendiente de cobro o cita previa');
INSERT INTO codigo (idcategoria, orden, codigo, descripcion) VALUES (20,14, 'ENVDA'  , 'Destinatario ausente');
INSERT INTO codigo (idcategoria, orden, codigo, descripcion) VALUES (20,15, 'ENVDD'  , 'Destinatario desconocido');
INSERT INTO codigo (idcategoria, orden, codigo, descripcion) VALUES (20,16, 'ENVDICP', 'Dirección incompleta');
INSERT INTO codigo (idcategoria, orden, codigo, descripcion) VALUES (20,17, 'ENVDICR', 'Dirección incorrecta');
INSERT INTO codigo (idcategoria, orden, codigo, descripcion) VALUES (20,18, 'ENVNAE' , 'No acepta el envío');
INSERT INTO codigo (idcategoria, orden, codigo, descripcion) VALUES (20,19, 'ENVPRD' , 'Pendiente recoger en destino');
INSERT INTO codigo (idcategoria, orden, codigo, descripcion) VALUES (20,20, 'ENVDR'  , 'Devuelto a remitente');
INSERT INTO codigo (idcategoria, orden, codigo, descripcion) VALUES (20,21, 'ENVRX'  , 'Reexpedido');
INSERT INTO codigo (idcategoria, orden, codigo, descripcion) VALUES (20,22, 'ENVRAC' , 'Remitente ausente o cerrado');
INSERT INTO codigo (idcategoria, orden, codigo, descripcion) VALUES (20,23, 'ENVRD'  , 'Remitente desconocido');
INSERT INTO codigo (idcategoria, orden, codigo, descripcion) VALUES (20,24, 'ENVEAR' , 'Emisor anula la recogida');
INSERT INTO codigo (idcategoria, orden, codigo, descripcion) VALUES (20,25, 'ENVDRI' , 'Dirección de recogida incompleta');
INSERT INTO codigo (idcategoria, orden, codigo, descripcion) VALUES (20,26, 'ENVSFOP', 'Salida de Franquicia origen a plataforma');
INSERT INTO codigo (idcategoria, orden, codigo, descripcion) VALUES (20,27, 'ENVLPFO', 'Llegada a Plataforma desde FQ origen');
INSERT INTO codigo (idcategoria, orden, codigo, descripcion) VALUES (20,28, 'ENVLFDP', 'Llegada a FQ destino desde Plataforma');
INSERT INTO codigo (idcategoria, orden, codigo, descripcion) VALUES (20,29, 'ENVI790', 'Paso por plataforma');
INSERT INTO codigo (idcategoria, orden, codigo, descripcion) VALUES (20,30, 'ENVI791', 'Pasó por Plat. Bilbao');
INSERT INTO codigo (idcategoria, orden, codigo, descripcion) VALUES (20,31, 'ENVI792', 'Pasó por Plat. Madrid');
INSERT INTO codigo (idcategoria, orden, codigo, descripcion) VALUES (20,32, 'ENVI793', 'Pasó por Plt. Barcelona');
INSERT INTO codigo (idcategoria, orden, codigo, descripcion) VALUES (20,33, 'ENVI794', 'Pasó por Plt. Méndez Ál');
INSERT INTO codigo (idcategoria, orden, codigo, descripcion) VALUES (20,34, 'ENVNR'  , 'No recibido');
INSERT INTO codigo (idcategoria, orden, codigo, descripcion) VALUES (20,35, 'ENVCODE', 'Cliente ordena destruir el envío');
INSERT INTO codigo (idcategoria, orden, codigo, descripcion) VALUES (20,36, 'ENVRR'  , 'Retraso en ruta');
INSERT INTO codigo (idcategoria, orden, codigo, descripcion) VALUES (20,37, 'ENVER'  , 'En reparto');
INSERT INTO codigo (idcategoria, orden, codigo, descripcion) VALUES (20,38, 'ENVER'  , 'Expedición incompleta');
INSERT INTO codigo (idcategoria, orden, codigo, descripcion) VALUES (20,39, 'ENVI795', 'Pasó por Plat. Coslada');
INSERT INTO codigo (idcategoria, orden, codigo, descripcion) VALUES (20,40, 'EAPCCP' , 'Entrega aplazada pdte. Cobro/cita previa');
INSERT INTO codigo (idcategoria, orden, codigo, descripcion) VALUES (20,41, 'ENVDRI' , 'Dirección recogida incorrecta');
INSERT INTO codigo (idcategoria, orden, codigo, descripcion) VALUES (20,42, 'ENVSGC' , 'Solicitud generada por cliente');
INSERT INTO codigo (idcategoria, orden, codigo, descripcion) VALUES (20,43, 'RFPOC'  , 'Retenido en franquicia por orden cliente');
INSERT INTO codigo (idcategoria, orden, codigo, descripcion) VALUES (20,44, 'ENVDAE' , 'Destinatario aplaza la entrega');
INSERT INTO codigo (idcategoria, orden, codigo, descripcion) VALUES (20,45, 'ENVFPFI', 'Fallo Puente(Franq. incorrecta en alb.)');
INSERT INTO codigo (idcategoria, orden, codigo, descripcion) VALUES (20,46, 'ENVEXT' , 'Extraviado');
INSERT INTO codigo (idcategoria, orden, codigo, descripcion) VALUES (20,47, 'ENVNAR' , 'No acepta el reembolso');
INSERT INTO codigo (idcategoria, orden, codigo, descripcion) VALUES (20,48, 'ENVEAE' , 'Emisor aplaza la entrega');
INSERT INTO codigo (idcategoria, orden, codigo, descripcion) VALUES (20,49, 'ENVECER', 'En cola de espera para recoger');
INSERT INTO codigo (idcategoria, orden, codigo, descripcion) VALUES (20,50, 'ENVRFD' , 'Recibido Franquicia Destino');
INSERT INTO codigo (idcategoria, orden, codigo, descripcion) VALUES (20,51, 'ENVI796', 'Pasó por Plat. Sevilla');
INSERT INTO codigo (idcategoria, orden, codigo, descripcion) VALUES (20,52, 'ENVRED' , 'Envío rechazado por embalaje dañado');
INSERT INTO codigo (idcategoria, orden, codigo, descripcion) VALUES (20,53, 'ENVI797', 'Pasó por Plat. Valencia');
INSERT INTO codigo (idcategoria, orden, codigo, descripcion) VALUES (20,54, 'ENVI798', 'Pasó por Plt. La Caroli');
INSERT INTO codigo (idcategoria, orden, codigo, descripcion) VALUES (20,55, 'ENVI799', 'Pasó por Plt. Benavente');
INSERT INTO codigo (idcategoria, orden, codigo, descripcion) VALUES (20,56, 'ENVRNP' , 'Retorno no preparado');
INSERT INTO codigo (idcategoria, orden, codigo, descripcion) VALUES (20,57, 'ENVRTAD', 'Retenido en la aduana');
INSERT INTO codigo (idcategoria, orden, codigo, descripcion) VALUES (20,58, 'ENVI79A', 'Pasó por Plat. A Coruña');
INSERT INTO codigo (idcategoria, orden, codigo, descripcion) VALUES (20,59, 'ENVI79B', 'Pasó por Córdoba');
INSERT INTO codigo (idcategoria, orden, codigo, descripcion) VALUES (20,60, 'ENVRPE' , 'Envío reabierto para entregar');
INSERT INTO codigo (idcategoria, orden, codigo, descripcion) VALUES (20,61, 'ENVECE' , 'En cola de espera');
INSERT INTO codigo (idcategoria, orden, codigo, descripcion) VALUES (20,62, 'ENVEZE' , 'En zona de entrega');
INSERT INTO codigo (idcategoria, orden, codigo, descripcion) VALUES (20,63, 'ENVI79C', 'Pasó por Plat. Zaragoza');
INSERT INTO codigo (idcategoria, orden, codigo, descripcion) VALUES (20,64, 'ENVI79D', 'Pasó por Plat. Miranda');
INSERT INTO codigo (idcategoria, orden, codigo, descripcion) VALUES (20,65, 'ENVDORC', 'Devuelto a origen por rotura del conten.');
INSERT INTO codigo (idcategoria, orden, codigo, descripcion) VALUES (20,66, 'ENVEXEF', 'Extraviado en franquicia');

INSERT INTO categoria (idcategoria, categoria, descripcion, tipo, longitud) VALUES (21, 'ORIENV', 'Origen de envíos', 'A', 0);
INSERT INTO codigo (idcategoria, orden, codigo, descripcion) VALUES (21, 1, 'APC'    , 'APC');
INSERT INTO codigo (idcategoria, orden, codigo, descripcion) VALUES (21, 2, 'CLICK'  , 'Click');
INSERT INTO codigo (idcategoria, orden, codigo, descripcion) VALUES (21, 3, 'G2'     , 'G2');
INSERT INTO codigo (idcategoria, orden, codigo, descripcion) VALUES (21, 4, 'G3'     , 'G3');
INSERT INTO codigo (idcategoria, orden, codigo, descripcion) VALUES (21, 5, 'IMG3'   , 'Integración masivos G3');
INSERT INTO codigo (idcategoria, orden, codigo, descripcion) VALUES (21, 6, 'LOG'    , 'Logistica');
INSERT INTO codigo (idcategoria, orden, codigo, descripcion) VALUES (21, 7, 'MORPH'  , 'Morpheo cobrado');
INSERT INTO codigo (idcategoria, orden, codigo, descripcion) VALUES (21, 8, 'OGPEINT', 'OperativaGeneradoPorEnumINTL');
INSERT INTO codigo (idcategoria, orden, codigo, descripcion) VALUES (21, 9, 'RMA'    , 'RMA');
INSERT INTO codigo (idcategoria, orden, codigo, descripcion) VALUES (21,10, 'SAGEC'  , 'SAGEC');
INSERT INTO codigo (idcategoria, orden, codigo, descripcion) VALUES (21,11, 'PAXD'   , 'OperativaGeneradoPorEnumPAXD');
INSERT INTO codigo (idcategoria, orden, codigo, descripcion) VALUES (21,12, 'MORPH'  , 'Morpheo');
INSERT INTO codigo (idcategoria, orden, codigo, descripcion) VALUES (21,13, 'OEBKP'  , 'OperativaGeneradoPorEnumBackUp');


INSERT INTO categoria (idcategoria, categoria, descripcion, tipo, longitud) VALUES (22, 'TPGEO', 'Tipo geográfico', 'A', 0);
INSERT INTO codigo (idcategoria, orden, codigo, descripcion) VALUES (22, 1, 'LIM'    , 'Limítrofe');
INSERT INTO codigo (idcategoria, orden, codigo, descripcion) VALUES (22, 2, 'NAC'    , 'Nacional');
INSERT INTO codigo (idcategoria, orden, codigo, descripcion) VALUES (22, 3, 'PRV'    , 'Provincial');
INSERT INTO codigo (idcategoria, orden, codigo, descripcion) VALUES (22, 4, 'REG'    , 'Regional');
INSERT INTO codigo (idcategoria, orden, codigo, descripcion) VALUES (22, 5, 'URB'    , 'Urbano');
INSERT INTO codigo (idcategoria, orden, codigo, descripcion) VALUES (22, 6, 'INT'    , 'Internacional');

INSERT INTO categoria (idcategoria, categoria, descripcion, tipo, longitud) VALUES (23, 'TRHOR', 'Tramo horario', 'A', 0);
INSERT INTO codigo (idcategoria, orden, codigo, descripcion) VALUES (23, 1, '   '    , '-1');
INSERT INTO codigo (idcategoria, orden, codigo, descripcion) VALUES (23, 2, '   '    , '0');
INSERT INTO codigo (idcategoria, orden, codigo, descripcion) VALUES (23, 3, 'PRI'    , 'Primer');
INSERT INTO codigo (idcategoria, orden, codigo, descripcion) VALUES (23, 4, 'SEG'    , 'Segundo');
INSERT INTO codigo (idcategoria, orden, codigo, descripcion) VALUES (23, 5, 'TER'    , 'Tercer');

INSERT INTO categoria (idcategoria, categoria, descripcion, tipo, longitud) VALUES (24, 'FREC', 'Frecuencia', 'A', 0);
INSERT INTO codigo (idcategoria, orden, codigo, descripcion) VALUES (24, 1, 'SFRC'   , 'Sin frecuencia');
INSERT INTO codigo (idcategoria, orden, codigo, descripcion) VALUES (24, 2, 'PFDI'   , 'Primera frecuencia diurno');
INSERT INTO codigo (idcategoria, orden, codigo, descripcion) VALUES (24, 3, 'SFDI'   , 'Segunda frecuencia diurno');

INSERT INTO categoria (idcategoria, categoria, descripcion, tipo, longitud) VALUES (25, 'MEDAC', 'Medios de la acción comercial', 'A', 0);
INSERT INTO codigo (idcategoria, orden, codigo, descripcion) VALUES (25, 1, 'OTRMED'     , 'Otro medio');
INSERT INTO codigo (idcategoria, orden, codigo, descripcion) VALUES (25, 2, 'LLAMADA'    , 'Llamada');
INSERT INTO codigo (idcategoria, orden, codigo, descripcion) VALUES (25, 3, 'MAIL'       , 'eMail/Carta');
INSERT INTO codigo (idcategoria, orden, codigo, descripcion) VALUES (25, 4, 'REUNION'    , 'Reunion');

INSERT INTO categoria (idcategoria, categoria, descripcion, tipo, longitud) VALUES (26, 'RESPR', 'Resultados de la ejecución de procesos', 'A', 0);
INSERT INTO codigo (idcategoria, orden, codigo, descripcion) VALUES (26, 1, 'OK'    , 'Proceso finalizado sin errores');
INSERT INTO codigo (idcategoria, orden, codigo, descripcion) VALUES (26, 2, 'KO'    , 'Proceso finalizado con errores');
INSERT INTO codigo (idcategoria, orden, codigo, descripcion) VALUES (26, 3, 'WA'    , 'Proceso finalizado con advertencias');
INSERT INTO codigo (idcategoria, orden, codigo, descripcion) VALUES (26, 4, 'PR'    , 'Proceso en ejecución');
